aspace_uri,agent_name,loc_uri,snac_ark_old,snac_ark_old.1,snac_ark_new,aspace_error,snac_error,snac_ark_merged,additional_authorities,authority_1,authority_2,authority_3,authority_4,authority_5,authority_6,authority_7,authority_8,authority_9,authority_10,authority_11,authority_12,authority_13,snac_ark_final
/agents/people/56858,"Rops, Félicien, 1833-1898",http://id.loc.gov/authorities/names/n50075855,http://n2t.net/ark:/99166/w6db8c7q,,,True,False,False,"['http://viaf.org/viaf/34462421', 'http://en.wikipedia.org/wiki/F%C3%A9licien_Rops', 'http://www.worldcat.org/wcidentities/lccn-n50075855', 'http://id.loc.gov/authorities/names/n50075855']",http://viaf.org/viaf/34462421,http://en.wikipedia.org/wiki/F%C3%A9licien_Rops,http://www.worldcat.org/wcidentities/lccn-n50075855,http://id.loc.gov/authorities/names/n50075855,,,,,,,,,,http://n2t.net/ark:/99166/w6db8c7q
/agents/people/56893,"Walpole, Robert, Earl of Orford, 1676-1745",http://id.loc.gov/authorities/names/n50024509,http://n2t.net/ark:/99166/w6gb298p,,,True,False,False,"['http://viaf.org/viaf/98289961', 'http://en.wikipedia.org/wiki/Robert_Walpole', 'http://www.worldcat.org/wcidentities/lccn-n50024509', 'http://id.loc.gov/authorities/names/n50024509']",http://viaf.org/viaf/98289961,http://en.wikipedia.org/wiki/Robert_Walpole,http://www.worldcat.org/wcidentities/lccn-n50024509,http://id.loc.gov/authorities/names/n50024509,,,,,,,,,,http://n2t.net/ark:/99166/w6gb298p
/agents/people/58304,"Nordlinger, Marie, 1876-1961",http://id.loc.gov/authorities/names/nb99017005,http://n2t.net/ark:/99166/w6ms7w6f,,,True,False,False,"['http://viaf.org/viaf/36907032', 'http://www.worldcat.org/wcidentities/lccn-nb99017005', 'http://id.loc.gov/authorities/names/nb99017005']",http://viaf.org/viaf/36907032,http://www.worldcat.org/wcidentities/lccn-nb99017005,http://id.loc.gov/authorities/names/nb99017005,,,,,,,,,,,http://n2t.net/ark:/99166/w6ms7w6f
/agents/people/58600,"Tennant, Stephen",http://id.loc.gov/authorities/names/n91052098,http://n2t.net/ark:/99166/w6dg9hbg,,,True,False,False,"['http://viaf.org/viaf/73032645', 'http://www.worldcat.org/wcidentities/lccn-n91-052098', 'http://id.loc.gov/authorities/names/n91052098', 'http://en.wikipedia.org/wiki/Stephen_Tennant']",http://viaf.org/viaf/73032645,http://www.worldcat.org/wcidentities/lccn-n91-052098,http://id.loc.gov/authorities/names/n91052098,http://en.wikipedia.org/wiki/Stephen_Tennant,,,,,,,,,,http://n2t.net/ark:/99166/w6dg9hbg
/agents/people/60110,"Bartlett, Paul Wayland, 1865-1925",http://id.loc.gov/authorities/names/n94028779,http://n2t.net/ark:/99166/w6q54v0x,,,True,False,False,"['http://viaf.org/viaf/24873594', 'http://www.worldcat.org/wcidentities/lccn-n94028779', 'http://id.loc.gov/authorities/names/n94028779', 'http://en.wikipedia.org/wiki/Paul_Wayland_Bartlett']",http://viaf.org/viaf/24873594,http://www.worldcat.org/wcidentities/lccn-n94028779,http://id.loc.gov/authorities/names/n94028779,http://en.wikipedia.org/wiki/Paul_Wayland_Bartlett,,,,,,,,,,http://n2t.net/ark:/99166/w6q54v0x
/agents/people/60629,"Bowyer, Robert, 1758-1834",http://id.loc.gov/authorities/names/n83301316,http://n2t.net/ark:/99166/w6mm481w,,,True,False,False,"['http://viaf.org/viaf/64275866', 'http://www.worldcat.org/wcidentities/lccn-n83301316', 'http://id.loc.gov/authorities/names/n83301316', 'http://en.wikipedia.org/wiki/Robert_Bowyer']",http://viaf.org/viaf/64275866,http://www.worldcat.org/wcidentities/lccn-n83301316,http://id.loc.gov/authorities/names/n83301316,http://en.wikipedia.org/wiki/Robert_Bowyer,,,,,,,,,,http://n2t.net/ark:/99166/w6mm481w
/agents/people/60775,"Ramsay, Allan, 1713-1784",http://id.loc.gov/authorities/names/n85011073,http://n2t.net/ark:/99166/w6c827d1,,,True,False,False,"['http://viaf.org/viaf/49266202', 'http://en.wikipedia.org/wiki/Allan_Ramsay_%28artist%29', 'http://www.worldcat.org/wcidentities/lccn-n85011073', 'http://id.loc.gov/authorities/names/n85011073']",http://viaf.org/viaf/49266202,http://en.wikipedia.org/wiki/Allan_Ramsay_%28artist%29,http://www.worldcat.org/wcidentities/lccn-n85011073,http://id.loc.gov/authorities/names/n85011073,,,,,,,,,,http://n2t.net/ark:/99166/w6c827d1
/agents/people/60806,"Milnes, Richard Monckton, Baron Houghton, 1809-1885",http://id.loc.gov/authorities/names/n83180337,http://n2t.net/ark:/99166/w62n5bbh,,,True,False,False,"['http://viaf.org/viaf/120711335', 'http://www.worldcat.org/wcidentities/lccn-n83180337', 'http://id.loc.gov/authorities/names/n83180337', 'http://en.wikipedia.org/wiki/Richard_Monckton_Milnes%2C_1st_Baron_Houghton']",http://viaf.org/viaf/120711335,http://www.worldcat.org/wcidentities/lccn-n83180337,http://id.loc.gov/authorities/names/n83180337,http://en.wikipedia.org/wiki/Richard_Monckton_Milnes%2C_1st_Baron_Houghton,,,,,,,,,,http://n2t.net/ark:/99166/w62n5bbh
/agents/people/61114,"Wilbur, George W. (George Willis), 1851-1931",http://id.loc.gov/authorities/names/nr00034123,http://n2t.net/ark:/99166/w6z93gt9,,,True,False,False,"['http://viaf.org/viaf/17064503', 'http://www.worldcat.org/wcidentities/lccn-nr00034123', 'http://id.loc.gov/authorities/names/nr00034123']",http://viaf.org/viaf/17064503,http://www.worldcat.org/wcidentities/lccn-nr00034123,http://id.loc.gov/authorities/names/nr00034123,,,,,,,,,,,http://n2t.net/ark:/99166/w6z93gt9
/agents/people/61814,"Pratt, Lawrence",http://id.loc.gov/authorities/names/no99020409,http://n2t.net/ark:/99166/w6hh74tq,,,True,False,False,"['http://viaf.org/viaf/13391929', 'http://www.worldcat.org/wcidentities/lccn-no99020409', 'http://id.loc.gov/authorities/names/no99020409']",http://viaf.org/viaf/13391929,http://www.worldcat.org/wcidentities/lccn-no99020409,http://id.loc.gov/authorities/names/no99020409,,,,,,,,,,,http://n2t.net/ark:/99166/w6hh74tq
/agents/people/65150,"McArdell, James, approximately 1729-1765",http://id.loc.gov/authorities/names/nr2004022014,http://n2t.net/ark:/99166/w6t15mtq,,,True,False,False,"['http://viaf.org/viaf/91332868', 'http://www.worldcat.org/wcidentities/lccn-nr2004022014', 'http://id.loc.gov/authorities/names/nr2004022014', 'http://en.wikipedia.org/wiki/James_MacArdell']",http://viaf.org/viaf/91332868,http://www.worldcat.org/wcidentities/lccn-nr2004022014,http://id.loc.gov/authorities/names/nr2004022014,http://en.wikipedia.org/wiki/James_MacArdell,,,,,,,,,,http://n2t.net/ark:/99166/w6t15mtq
/agents/people/65753,"Pringle, Aileen, 1895-1989",http://id.loc.gov/authorities/names/n87896343,http://n2t.net/ark:/99166/w6jt08pb,,,True,False,False,"['http://viaf.org/viaf/38444534', 'http://www.worldcat.org/wcidentities/lccn-n87896343', 'http://id.loc.gov/authorities/names/n87896343', 'http://en.wikipedia.org/wiki/Aileen_Pringle']",http://viaf.org/viaf/38444534,http://www.worldcat.org/wcidentities/lccn-n87896343,http://id.loc.gov/authorities/names/n87896343,http://en.wikipedia.org/wiki/Aileen_Pringle,,,,,,,,,,http://n2t.net/ark:/99166/w6jt08pb
/agents/people/66479,"Hawley, Joseph R. (Joseph Roswell), 1826-1905",http://id.loc.gov/authorities/names/n85207700,http://n2t.net/ark:/99166/w6rx9bcf,,,True,False,False,"['http://viaf.org/viaf/75296057', 'http://www.worldcat.org/wcidentities/lccn-n85207700', 'http://id.loc.gov/authorities/names/n85207700', 'http://en.wikipedia.org/wiki/Joseph_Roswell_Hawley']",http://viaf.org/viaf/75296057,http://www.worldcat.org/wcidentities/lccn-n85207700,http://id.loc.gov/authorities/names/n85207700,http://en.wikipedia.org/wiki/Joseph_Roswell_Hawley,,,,,,,,,,http://n2t.net/ark:/99166/w6rx9bcf
/agents/people/68543,"Wolfson, John",http://id.loc.gov/authorities/names/n83141526,http://n2t.net/ark:/99166/w6b89b24,,,True,False,False,"['http://viaf.org/viaf/93740930', 'http://www.worldcat.org/wcidentities/lccn-n83141526', 'http://id.loc.gov/authorities/names/n83141526']",http://viaf.org/viaf/93740930,http://www.worldcat.org/wcidentities/lccn-n83141526,http://id.loc.gov/authorities/names/n83141526,,,,,,,,,,,http://n2t.net/ark:/99166/w6b89b24
/agents/people/68603,"Lely, Peter, 1618-1680",http://id.loc.gov/authorities/names/n85028378,http://n2t.net/ark:/99166/w6gf1v3q,,,True,False,False,"['http://viaf.org/viaf/47033545', 'http://en.wikipedia.org/wiki/Peter_Lely', 'http://www.worldcat.org/wcidentities/lccn-n85028378', 'http://id.loc.gov/authorities/names/n85028378']",http://viaf.org/viaf/47033545,http://en.wikipedia.org/wiki/Peter_Lely,http://www.worldcat.org/wcidentities/lccn-n85028378,http://id.loc.gov/authorities/names/n85028378,,,,,,,,,,http://n2t.net/ark:/99166/w6gf1v3q
/agents/people/69364,"Reed, Thomas B. (Thomas Brackett), 1839-1902",http://id.loc.gov/authorities/names/no89015728,http://n2t.net/ark:/99166/w65x2q5c,,,True,False,False,"['http://viaf.org/viaf/45151773', 'http://www.worldcat.org/wcidentities/lccn-no89015728', 'http://id.loc.gov/authorities/names/no89015728', 'http://en.wikipedia.org/wiki/Thomas_Brackett_Reed']",http://viaf.org/viaf/45151773,http://www.worldcat.org/wcidentities/lccn-no89015728,http://id.loc.gov/authorities/names/no89015728,http://en.wikipedia.org/wiki/Thomas_Brackett_Reed,,,,,,,,,,http://n2t.net/ark:/99166/w65x2q5c
/agents/people/69511,"Farrar, F. W. (Frederic William), 1831-1903",http://id.loc.gov/authorities/names/n79077389,http://n2t.net/ark:/99166/w6x92vzz,,,True,False,False,"['http://viaf.org/viaf/72172918', 'http://en.wikipedia.org/wiki/Frederic_Farrar', 'http://www.worldcat.org/wcidentities/lccn-n79077389', 'http://id.loc.gov/authorities/names/n79077389']",http://viaf.org/viaf/72172918,http://en.wikipedia.org/wiki/Frederic_Farrar,http://www.worldcat.org/wcidentities/lccn-n79077389,http://id.loc.gov/authorities/names/n79077389,,,,,,,,,,http://n2t.net/ark:/99166/w6x92vzz
/agents/people/70265,"Savage, Richard, 1846-1903",http://id.loc.gov/authorities/names/n86819306,http://n2t.net/ark:/99166/w66m50d5,,,True,False,False,"['http://viaf.org/viaf/3613269', 'http://www.worldcat.org/wcidentities/lccn-n86819306', 'http://id.loc.gov/authorities/names/n86819306', 'http://en.wikipedia.org/wiki/Richard_Henry_Savage']",http://viaf.org/viaf/3613269,http://www.worldcat.org/wcidentities/lccn-n86819306,http://id.loc.gov/authorities/names/n86819306,http://en.wikipedia.org/wiki/Richard_Henry_Savage,,,,,,,,,,http://n2t.net/ark:/99166/w66m50d5
/agents/people/70535,"Shedd, William G. T. (William Greenough Thayer), 1820-1894",http://id.loc.gov/authorities/names/n80070506,http://n2t.net/ark:/99166/w6nc8phj,,,True,False,False,"['http://viaf.org/viaf/18521965', 'http://www.worldcat.org/wcidentities/lccn-n80070506', 'http://id.loc.gov/authorities/names/n80070506', 'http://en.wikipedia.org/wiki/William_Greenough_Thayer_Shedd']",http://viaf.org/viaf/18521965,http://www.worldcat.org/wcidentities/lccn-n80070506,http://id.loc.gov/authorities/names/n80070506,http://en.wikipedia.org/wiki/William_Greenough_Thayer_Shedd,,,,,,,,,,http://n2t.net/ark:/99166/w6nc8phj
/agents/people/71132,"Peel, Robert, 1788-1850",http://id.loc.gov/authorities/names/n50008764,http://n2t.net/ark:/99166/w60p0xbc,,,True,False,False,"['http://viaf.org/viaf/64803600', 'http://en.wikipedia.org/wiki/Robert_Peel', 'http://www.worldcat.org/wcidentities/lccn-n50008764', 'http://id.loc.gov/authorities/names/n50008764']",http://viaf.org/viaf/64803600,http://en.wikipedia.org/wiki/Robert_Peel,http://www.worldcat.org/wcidentities/lccn-n50008764,http://id.loc.gov/authorities/names/n50008764,,,,,,,,,,http://n2t.net/ark:/99166/w60p0xbc
/agents/people/72783,"Morton, Helen",http://id.loc.gov/authorities/names/n94010994,http://n2t.net/ark:/99166/w6mj0d71,,,True,False,False,"['http://viaf.org/viaf/9069101', 'http://www.worldcat.org/wcidentities/lccn-n94-010994', 'http://id.loc.gov/authorities/names/n94010994']",http://viaf.org/viaf/9069101,http://www.worldcat.org/wcidentities/lccn-n94-010994,http://id.loc.gov/authorities/names/n94010994,,,,,,,,,,,http://n2t.net/ark:/99166/w6mj0d71
/agents/people/74371,"Rohde, Werner, 1906-1990",http://id.loc.gov/authorities/names/nr93028739,http://n2t.net/ark:/99166/w6001xw1,,,True,False,False,"['http://viaf.org/viaf/29803722', 'http://www.worldcat.org/wcidentities/lccn-nr93028739', 'http://id.loc.gov/authorities/names/nr93028739']",http://viaf.org/viaf/29803722,http://www.worldcat.org/wcidentities/lccn-nr93028739,http://id.loc.gov/authorities/names/nr93028739,,,,,,,,,,,http://n2t.net/ark:/99166/w6001xw1
/agents/people/75425,"Field, David D. (David Dudley), 1781-1867",http://id.loc.gov/authorities/names/n88648798,http://n2t.net/ark:/99166/w60c5729,,,True,False,False,"['http://viaf.org/viaf/53270589', 'http://en.wikipedia.org/wiki/David_Dudley_Field_I', 'http://www.worldcat.org/wcidentities/lccn-n88648798', 'http://id.loc.gov/authorities/names/n88648798']",http://viaf.org/viaf/53270589,http://en.wikipedia.org/wiki/David_Dudley_Field_I,http://www.worldcat.org/wcidentities/lccn-n88648798,http://id.loc.gov/authorities/names/n88648798,,,,,,,,,,http://n2t.net/ark:/99166/w60c5729
/agents/people/75474,"Hare, Augustus J. C. (Augustus John Cuthbert), 1834-1903",http://id.loc.gov/authorities/names/n87840949,http://n2t.net/ark:/99166/w6379cc2,,,True,False,False,"['http://viaf.org/viaf/5145803', 'http://en.wikipedia.org/wiki/Augustus_Hare', 'http://www.worldcat.org/wcidentities/lccn-n87840949', 'http://id.loc.gov/authorities/names/n87840949']",http://viaf.org/viaf/5145803,http://en.wikipedia.org/wiki/Augustus_Hare,http://www.worldcat.org/wcidentities/lccn-n87840949,http://id.loc.gov/authorities/names/n87840949,,,,,,,,,,http://n2t.net/ark:/99166/w6379cc2
/agents/people/77318,"Vagts, Alfred, 1892-",http://id.loc.gov/authorities/names/n81028446,http://n2t.net/ark:/99166/w60c546v,,,True,False,False,"['http://viaf.org/viaf/108932560', 'http://www.worldcat.org/wcidentities/lccn-n81028446', 'http://id.loc.gov/authorities/names/n81028446']",http://viaf.org/viaf/108932560,http://www.worldcat.org/wcidentities/lccn-n81028446,http://id.loc.gov/authorities/names/n81028446,,,,,,,,,,,http://n2t.net/ark:/99166/w60c546v
/agents/people/77571,"Lepsius, Richard, 1810-1884",http://id.loc.gov/authorities/names/n81127097,http://n2t.net/ark:/99166/w6wq0q18,,,True,False,False,"['http://viaf.org/viaf/66554760', 'http://www.worldcat.org/wcidentities/lccn-n81127097', 'http://id.loc.gov/authorities/names/n81127097', 'http://en.wikipedia.org/wiki/Karl_Richard_Lepsius']",http://viaf.org/viaf/66554760,http://www.worldcat.org/wcidentities/lccn-n81127097,http://id.loc.gov/authorities/names/n81127097,http://en.wikipedia.org/wiki/Karl_Richard_Lepsius,,,,,,,,,,http://n2t.net/ark:/99166/w6wq0q18
/agents/people/77682,"Watt, A. P. (Alexander Pollock), 1834-1914",http://id.loc.gov/authorities/names/nr98036602,http://n2t.net/ark:/99166/w6rn3k1t,,,True,False,False,"['http://viaf.org/viaf/9761287', 'http://www.worldcat.org/wcidentities/lccn-nr98036602', 'http://id.loc.gov/authorities/names/nr98036602']",http://viaf.org/viaf/9761287,http://www.worldcat.org/wcidentities/lccn-nr98036602,http://id.loc.gov/authorities/names/nr98036602,,,,,,,,,,,http://n2t.net/ark:/99166/w6rn3k1t
/agents/people/79883,"Lewis, Charlton T. (Charlton Thomas), 1834-1904",http://id.loc.gov/authorities/names/n81145852,http://n2t.net/ark:/99166/w6gr0drk,,,True,False,False,"['http://viaf.org/viaf/2845558', 'http://en.wikipedia.org/wiki/Charlton_Thomas_Lewis', 'http://www.worldcat.org/wcidentities/lccn-n81145852', 'http://id.loc.gov/authorities/names/n81145852']",http://viaf.org/viaf/2845558,http://en.wikipedia.org/wiki/Charlton_Thomas_Lewis,http://www.worldcat.org/wcidentities/lccn-n81145852,http://id.loc.gov/authorities/names/n81145852,,,,,,,,,,http://n2t.net/ark:/99166/w6gr0drk
/agents/people/81310,"Scott-Maxwell, Florida, 1883-1979",http://id.loc.gov/authorities/names/no98119775,http://n2t.net/ark:/99166/w6bg45w0,,,True,False,False,"['http://viaf.org/viaf/19304590', 'http://en.wikipedia.org/wiki/Florida_Scott-Maxwell', 'http://www.worldcat.org/wcidentities/lccn-no98119775', 'http://id.loc.gov/authorities/names/no98119775']",http://viaf.org/viaf/19304590,http://en.wikipedia.org/wiki/Florida_Scott-Maxwell,http://www.worldcat.org/wcidentities/lccn-no98119775,http://id.loc.gov/authorities/names/no98119775,,,,,,,,,,http://n2t.net/ark:/99166/w6bg45w0
/agents/people/82249,"Liddon, H. P. (Henry Parry), 1829-1890",http://id.loc.gov/authorities/names/n79103848,http://n2t.net/ark:/99166/w6z61j2g,,,True,False,False,"['http://viaf.org/viaf/10650398', 'http://en.wikipedia.org/wiki/Henry_Liddon', 'http://www.worldcat.org/wcidentities/lccn-n79103848', 'http://id.loc.gov/authorities/names/n79103848']",http://viaf.org/viaf/10650398,http://en.wikipedia.org/wiki/Henry_Liddon,http://www.worldcat.org/wcidentities/lccn-n79103848,http://id.loc.gov/authorities/names/n79103848,,,,,,,,,,http://n2t.net/ark:/99166/w6z61j2g
/agents/people/83133,"Randolph, John, 1773-1833",http://id.loc.gov/authorities/names/n50053915,http://n2t.net/ark:/99166/w63779t9,,,True,False,False,"['http://viaf.org/viaf/20476605', 'http://www.worldcat.org/wcidentities/lccn-n50053915', 'http://id.loc.gov/authorities/names/n50053915', 'http://en.wikipedia.org/wiki/John_Randolph_of_Roanoke']",http://viaf.org/viaf/20476605,http://www.worldcat.org/wcidentities/lccn-n50053915,http://id.loc.gov/authorities/names/n50053915,http://en.wikipedia.org/wiki/John_Randolph_of_Roanoke,,,,,,,,,,http://n2t.net/ark:/99166/w63779t9
/agents/people/83793,"Galton, Arthur, 1852-1921",http://id.loc.gov/authorities/names/no2002018506,http://n2t.net/ark:/99166/w67h5fcc,,,True,False,False,"['http://viaf.org/viaf/63671648', 'http://www.worldcat.org/wcidentities/lccn-no2002018506', 'http://id.loc.gov/authorities/names/no2002018506']",http://viaf.org/viaf/63671648,http://www.worldcat.org/wcidentities/lccn-no2002018506,http://id.loc.gov/authorities/names/no2002018506,,,,,,,,,,,http://n2t.net/ark:/99166/w67h5fcc
/agents/people/83876,"Kagan, Paul, 1943-",http://id.loc.gov/authorities/names/n88156057,http://n2t.net/ark:/99166/w6fx7w4c,,,True,False,False,"['http://viaf.org/viaf/28627106', 'http://www.worldcat.org/wcidentities/lccn-n88156057', 'http://id.loc.gov/authorities/names/n88156057']",http://viaf.org/viaf/28627106,http://www.worldcat.org/wcidentities/lccn-n88156057,http://id.loc.gov/authorities/names/n88156057,,,,,,,,,,,http://n2t.net/ark:/99166/w6fx7w4c
/agents/people/84162,"Watson, William, 1858-1925",http://id.loc.gov/authorities/names/n80010197,http://n2t.net/ark:/99166/w66t0vkx,,,True,False,False,"['http://viaf.org/viaf/125075041', 'http://en.wikipedia.org/wiki/William_Watson_%28botanist%29', 'http://www.worldcat.org/wcidentities/lccn-n80010197', 'http://id.loc.gov/authorities/names/n80010197']",http://viaf.org/viaf/125075041,http://en.wikipedia.org/wiki/William_Watson_%28botanist%29,http://www.worldcat.org/wcidentities/lccn-n80010197,http://id.loc.gov/authorities/names/n80010197,,,,,,,,,,http://n2t.net/ark:/99166/w66t0vkx
/agents/people/85325,"Maule, Harry E. (Harry Edward), 1886-",http://id.loc.gov/authorities/names/n90625859,http://n2t.net/ark:/99166/w62c2sjp,,,True,False,False,"['http://viaf.org/viaf/117085443', 'http://www.worldcat.org/wcidentities/lccn-n90625859', 'http://id.loc.gov/authorities/names/n90625859']",http://viaf.org/viaf/117085443,http://www.worldcat.org/wcidentities/lccn-n90625859,http://id.loc.gov/authorities/names/n90625859,,,,,,,,,,,http://n2t.net/ark:/99166/w62c2sjp
/agents/people/85369,"Bodenheim, Maxwell, 1893-1954",http://id.loc.gov/authorities/names/n50010054,http://n2t.net/ark:/99166/w6zs3gbv,,,True,False,False,"['http://viaf.org/viaf/77516039', 'http://www.worldcat.org/wcidentities/lccn-n50010054', 'http://id.loc.gov/authorities/names/n50010054', 'http://en.wikipedia.org/wiki/Maxwell_Bodenheim']",http://viaf.org/viaf/77516039,http://www.worldcat.org/wcidentities/lccn-n50010054,http://id.loc.gov/authorities/names/n50010054,http://en.wikipedia.org/wiki/Maxwell_Bodenheim,,,,,,,,,,http://n2t.net/ark:/99166/w6zs3gbv
/agents/people/86194,"Deloria, Vine",http://id.loc.gov/authorities/names/n50039026,http://n2t.net/ark:/99166/w6rv47rj,,,True,False,False,"['http://viaf.org/viaf/68927892', 'http://www.worldcat.org/wcidentities/lccn-n50039026', 'http://id.loc.gov/authorities/names/n50039026', 'http://en.wikipedia.org/wiki/Vine_Deloria%2C_Jr.']",http://viaf.org/viaf/68927892,http://www.worldcat.org/wcidentities/lccn-n50039026,http://id.loc.gov/authorities/names/n50039026,http://en.wikipedia.org/wiki/Vine_Deloria%2C_Jr.,,,,,,,,,,http://n2t.net/ark:/99166/w6rv47rj
/agents/people/86526,"Leigh, Augusta, 1784-1851",http://id.loc.gov/authorities/names/n80107300,http://n2t.net/ark:/99166/w6q52vks,,,True,False,False,"['http://viaf.org/viaf/50023771', 'http://en.wikipedia.org/wiki/Augusta_Leigh', 'http://www.worldcat.org/wcidentities/lccn-n80107300', 'http://id.loc.gov/authorities/names/n80107300']",http://viaf.org/viaf/50023771,http://en.wikipedia.org/wiki/Augusta_Leigh,http://www.worldcat.org/wcidentities/lccn-n80107300,http://id.loc.gov/authorities/names/n80107300,,,,,,,,,,http://n2t.net/ark:/99166/w6q52vks
/agents/people/86796,"Vildrac, Charles, 1882-1971",http://id.loc.gov/authorities/names/n82101499,http://n2t.net/ark:/99166/w62r4bk9,,,True,False,False,"['http://catalogue.bnf.fr/ark:/12148/cb11928351x/PUBLIC', 'http://viaf.org/viaf/14778026', 'http://www.worldcat.org/wcidentities/lccn-n82101499', 'http://id.loc.gov/authorities/names/n82101499', 'http://en.wikipedia.org/wiki/Charles_Vildrac']",http://catalogue.bnf.fr/ark:/12148/cb11928351x/PUBLIC,http://viaf.org/viaf/14778026,http://www.worldcat.org/wcidentities/lccn-n82101499,http://id.loc.gov/authorities/names/n82101499,http://en.wikipedia.org/wiki/Charles_Vildrac,,,,,,,,,http://n2t.net/ark:/99166/w62r4bk9
/agents/people/87029,"Mehta, Ved, 1934-",http://id.loc.gov/authorities/names/n79066640,http://n2t.net/ark:/99166/w68057x6,,,True,False,False,"['http://viaf.org/viaf/95152705', 'http://www.worldcat.org/wcidentities/lccn-n79066640', 'http://id.loc.gov/authorities/names/n79066640', 'http://en.wikipedia.org/wiki/Ved_Mehta']",http://viaf.org/viaf/95152705,http://www.worldcat.org/wcidentities/lccn-n79066640,http://id.loc.gov/authorities/names/n79066640,http://en.wikipedia.org/wiki/Ved_Mehta,,,,,,,,,,http://n2t.net/ark:/99166/w68057x6
/agents/people/87061,"Lutz, Edwin George, 1868-",http://id.loc.gov/authorities/names/n95002012,http://n2t.net/ark:/99166/w6641wnq,,,True,False,False,"['http://viaf.org/viaf/32091277', 'http://www.worldcat.org/wcidentities/lccn-n95002012', 'http://id.loc.gov/authorities/names/n95002012']",http://viaf.org/viaf/32091277,http://www.worldcat.org/wcidentities/lccn-n95002012,http://id.loc.gov/authorities/names/n95002012,,,,,,,,,,,http://n2t.net/ark:/99166/w6641wnq
/agents/people/87810,"Knapton, John, 1696-1770",http://id.loc.gov/authorities/names/nr93010256,http://n2t.net/ark:/99166/w63536nm,,,True,False,False,"['http://viaf.org/viaf/45105315', 'http://www.worldcat.org/wcidentities/lccn-nr93010256', 'http://id.loc.gov/authorities/names/nr93010256']",http://viaf.org/viaf/45105315,http://www.worldcat.org/wcidentities/lccn-nr93010256,http://id.loc.gov/authorities/names/nr93010256,,,,,,,,,,,http://n2t.net/ark:/99166/w63536nm
/agents/people/88076,"Mullins, Helene, 1899-",http://id.loc.gov/authorities/names/n85235634,http://n2t.net/ark:/99166/w62j6qx1,,,True,False,False,"['http://viaf.org/viaf/48212319', 'http://www.worldcat.org/wcidentities/lccn-n85235634', 'http://id.loc.gov/authorities/names/n85235634']",http://viaf.org/viaf/48212319,http://www.worldcat.org/wcidentities/lccn-n85235634,http://id.loc.gov/authorities/names/n85235634,,,,,,,,,,,http://n2t.net/ark:/99166/w62j6qx1
/agents/people/88619,"Glasgow, Ellen Anderson Gholson, 1873-1945",http://id.loc.gov/authorities/names/n79099365,http://n2t.net/ark:/99166/w6p26x4z,,,True,False,False,"['http://viaf.org/viaf/69040787', 'http://www.worldcat.org/wcidentities/lccn-n79099365', 'http://id.loc.gov/authorities/names/n79099365', 'http://en.wikipedia.org/wiki/Ellen_Glasgow']",http://viaf.org/viaf/69040787,http://www.worldcat.org/wcidentities/lccn-n79099365,http://id.loc.gov/authorities/names/n79099365,http://en.wikipedia.org/wiki/Ellen_Glasgow,,,,,,,,,,http://n2t.net/ark:/99166/w6p26x4z
/agents/people/88953,"Kunhardt, Philip B., 1951-",http://id.loc.gov/authorities/names/n92033006,http://n2t.net/ark:/99166/w60w23b8,,,True,False,False,"['http://viaf.org/viaf/69068857', 'http://www.worldcat.org/wcidentities/lccn-n92033006', 'http://id.loc.gov/authorities/names/n92033006']",http://viaf.org/viaf/69068857,http://www.worldcat.org/wcidentities/lccn-n92033006,http://id.loc.gov/authorities/names/n92033006,,,,,,,,,,,http://n2t.net/ark:/99166/w60w23b8
/agents/people/89395,"Frederick, King of Prussia, II, 1712-1786",http://id.loc.gov/authorities/names/n80056902,http://n2t.net/ark:/99166/w6wh2v6v,,,True,False,False,"['http://viaf.org/viaf/12303200', 'http://www.worldcat.org/wcidentities/lccn-n80056902', 'http://id.loc.gov/authorities/names/n80056902', 'http://en.wikipedia.org/wiki/Frederick_the_Great']",http://viaf.org/viaf/12303200,http://www.worldcat.org/wcidentities/lccn-n80056902,http://id.loc.gov/authorities/names/n80056902,http://en.wikipedia.org/wiki/Frederick_the_Great,,,,,,,,,,http://n2t.net/ark:/99166/w6wh2v6v
/agents/people/89944,"Seward, William H. (William Henry), 1801-1872",http://id.loc.gov/authorities/names/n50001408,http://n2t.net/ark:/99166/w6f47pbn,,,True,False,False,"['http://id.loc.gov/authorities/names/n50001408', 'https://catalog.archives.gov/id/10581244', 'http://viaf.org/viaf/42616145', 'http://en.wikipedia.org/wiki/William_H._Seward', 'http://www.worldcat.org/wcidentities/lccn-n50001408', 'http://id.loc.gov/authorities/names/n50001408']",http://id.loc.gov/authorities/names/n50001408,https://catalog.archives.gov/id/10581244,http://viaf.org/viaf/42616145,http://en.wikipedia.org/wiki/William_H._Seward,http://www.worldcat.org/wcidentities/lccn-n50001408,http://id.loc.gov/authorities/names/n50001408,,,,,,,,http://n2t.net/ark:/99166/w6f47pbn
/agents/people/90713,"Eaton, James, 1831-1921",http://id.loc.gov/authorities/names/n88120638,http://n2t.net/ark:/99166/w6kn53pr,,,True,False,False,"['http://viaf.org/viaf/33549705', 'http://www.worldcat.org/wcidentities/lccn-n88-120638', 'http://id.loc.gov/authorities/names/n88120638']",http://viaf.org/viaf/33549705,http://www.worldcat.org/wcidentities/lccn-n88-120638,http://id.loc.gov/authorities/names/n88120638,,,,,,,,,,,http://n2t.net/ark:/99166/w6kn53pr
/agents/people/90981,"Green, Valentine, 1739-1813",http://id.loc.gov/authorities/names/no90017793,http://n2t.net/ark:/99166/w6km0s18,,,True,False,False,"['http://viaf.org/viaf/12574500', 'http://www.worldcat.org/wcidentities/lccn-no90017793', 'http://id.loc.gov/authorities/names/no90017793', 'http://en.wikipedia.org/wiki/Valentine_Green']",http://viaf.org/viaf/12574500,http://www.worldcat.org/wcidentities/lccn-no90017793,http://id.loc.gov/authorities/names/no90017793,http://en.wikipedia.org/wiki/Valentine_Green,,,,,,,,,,http://n2t.net/ark:/99166/w6km0s18
/agents/people/91963,"Hadley, James, 1821-1872",http://id.loc.gov/authorities/names/n86847703,http://n2t.net/ark:/99166/w6vx1df2,,,True,False,False,"['http://viaf.org/viaf/5322166', 'http://en.wikipedia.org/wiki/James_Hadley_%28scholar%29', 'http://www.worldcat.org/wcidentities/lccn-n86847703', 'http://id.loc.gov/authorities/names/n86847703']",http://viaf.org/viaf/5322166,http://en.wikipedia.org/wiki/James_Hadley_%28scholar%29,http://www.worldcat.org/wcidentities/lccn-n86847703,http://id.loc.gov/authorities/names/n86847703,,,,,,,,,,http://n2t.net/ark:/99166/w6vx1df2
/agents/people/93113,"Foster, Catharine Osgood, 1907-",http://id.loc.gov/authorities/names/n50025321,http://n2t.net/ark:/99166/w67t0nsf,,,True,False,False,"['http://viaf.org/viaf/43080017', 'http://www.worldcat.org/wcidentities/lccn-n50025321', 'http://id.loc.gov/authorities/names/n50025321']",http://viaf.org/viaf/43080017,http://www.worldcat.org/wcidentities/lccn-n50025321,http://id.loc.gov/authorities/names/n50025321,,,,,,,,,,,http://n2t.net/ark:/99166/w67t0nsf
/agents/people/93116,"Nottingham, Daniel Finch, Earl of, 1647-1730",http://id.loc.gov/authorities/names/n85195573,http://n2t.net/ark:/99166/w6r21m5d,,,True,False,False,"['http://viaf.org/viaf/10658053', 'http://www.worldcat.org/wcidentities/lccn-n85195573', 'http://id.loc.gov/authorities/names/n85195573', 'http://en.wikipedia.org/wiki/Daniel_Finch%2C_2nd_Earl_of_Nottingham']",http://viaf.org/viaf/10658053,http://www.worldcat.org/wcidentities/lccn-n85195573,http://id.loc.gov/authorities/names/n85195573,http://en.wikipedia.org/wiki/Daniel_Finch%2C_2nd_Earl_of_Nottingham,,,,,,,,,,http://n2t.net/ark:/99166/w6r21m5d
/agents/people/38740,"Anderson, Mary E. (Mary Evarts), 1838-1905",http://id.loc.gov/authorities/names/n85821867,http://n2t.net/ark:/99166/w6v26hg1,,,True,False,False,"['http://viaf.org/viaf/65477159', 'http://www.worldcat.org/wcidentities/lccn-n85-821867', 'http://id.loc.gov/authorities/names/n85821867']",http://viaf.org/viaf/65477159,http://www.worldcat.org/wcidentities/lccn-n85-821867,http://id.loc.gov/authorities/names/n85821867,,,,,,,,,,,http://n2t.net/ark:/99166/w6v26hg1
/agents/people/23485,"Beach, Rex, 1877-1949",http://id.loc.gov/authorities/names/n84804866,http://n2t.net/ark:/99166/w6639vss,,,True,False,False,"['http://viaf.org/viaf/37122325', 'http://en.wikipedia.org/wiki/Rex_Beach', 'http://www.worldcat.org/wcidentities/lccn-n84804866', 'http://id.loc.gov/authorities/names/n84804866']",http://viaf.org/viaf/37122325,http://en.wikipedia.org/wiki/Rex_Beach,http://www.worldcat.org/wcidentities/lccn-n84804866,http://id.loc.gov/authorities/names/n84804866,,,,,,,,,,http://n2t.net/ark:/99166/w6639vss
/agents/people/93424,"Evans, Daniel, 1866-1943",http://id.loc.gov/authorities/names/no2003026110,http://n2t.net/ark:/99166/w6jf90pn,,,True,False,False,"['http://viaf.org/viaf/31679927', 'http://www.worldcat.org/wcidentities/lccn-no2003026110', 'http://id.loc.gov/authorities/names/no2003026110']",http://viaf.org/viaf/31679927,http://www.worldcat.org/wcidentities/lccn-no2003026110,http://id.loc.gov/authorities/names/no2003026110,,,,,,,,,,,http://n2t.net/ark:/99166/w6jf90pn
/agents/people/85060,"Le Sueur, Eustache, 1616-1655",http://id.loc.gov/authorities/names/n85129176,http://n2t.net/ark:/99166/w6h712j8,,,True,False,False,"['http://viaf.org/viaf/2663797', 'http://en.wikipedia.org/wiki/Eustache_Le_Sueur', 'http://www.worldcat.org/wcidentities/lccn-n85129176', 'http://id.loc.gov/authorities/names/n85129176']",http://viaf.org/viaf/2663797,http://en.wikipedia.org/wiki/Eustache_Le_Sueur,http://www.worldcat.org/wcidentities/lccn-n85129176,http://id.loc.gov/authorities/names/n85129176,,,,,,,,,,http://n2t.net/ark:/99166/w6h712j8
/agents/people/68735,"Noṿiḳ, P., 1891-",http://id.loc.gov/authorities/names/n84074782,http://n2t.net/ark:/99166/w6np3965,,,True,False,False,"['http://viaf.org/viaf/298461804', 'http://www.worldcat.org/wcidentities/lccn-n84074782', 'http://id.loc.gov/authorities/names/n84074782']",http://viaf.org/viaf/298461804,http://www.worldcat.org/wcidentities/lccn-n84074782,http://id.loc.gov/authorities/names/n84074782,,,,,,,,,,,http://n2t.net/ark:/99166/w6np3965
/agents/people/55994,"Bernhardt, Melvin",http://id.loc.gov/authorities/names/no2002098754,http://n2t.net/ark:/99166/w6gg3r3k,,,True,False,False,"['http://viaf.org/viaf/66147095', 'http://www.worldcat.org/wcidentities/lccn-no2002098754', 'http://id.loc.gov/authorities/names/no2002098754', 'http://en.wikipedia.org/wiki/Melvin_Bernhardt']",http://viaf.org/viaf/66147095,http://www.worldcat.org/wcidentities/lccn-no2002098754,http://id.loc.gov/authorities/names/no2002098754,http://en.wikipedia.org/wiki/Melvin_Bernhardt,,,,,,,,,,http://n2t.net/ark:/99166/w6gg3r3k
/agents/people/23482,"Bates, Charlotte Fiske, 1838-1916",http://id.loc.gov/authorities/names/no91013534,http://n2t.net/ark:/99166/w64m9g2c,,,True,False,False,"['http://viaf.org/viaf/11869693', 'http://en.wikipedia.org/wiki/Charlotte_Fiske_Bates', 'http://www.worldcat.org/wcidentities/lccn-no91013534', 'http://id.loc.gov/authorities/names/no91013534']",http://viaf.org/viaf/11869693,http://en.wikipedia.org/wiki/Charlotte_Fiske_Bates,http://www.worldcat.org/wcidentities/lccn-no91013534,http://id.loc.gov/authorities/names/no91013534,,,,,,,,,,http://n2t.net/ark:/99166/w64m9g2c
/agents/people/7829,"Carman, Bliss, 1861-1929",http://id.loc.gov/authorities/names/n50032563,http://n2t.net/ark:/99166/w6gx4c3w,,,True,False,False,"['http://viaf.org/viaf/29655268', 'http://en.wikipedia.org/wiki/Bliss_Carman', 'http://www.worldcat.org/wcidentities/lccn-n50032563', 'http://id.loc.gov/authorities/names/n50032563']",http://viaf.org/viaf/29655268,http://en.wikipedia.org/wiki/Bliss_Carman,http://www.worldcat.org/wcidentities/lccn-n50032563,http://id.loc.gov/authorities/names/n50032563,,,,,,,,,,http://n2t.net/ark:/99166/w6gx4c3w
/agents/people/93253,"Arias-Misson, Alain",http://id.loc.gov/authorities/names/no94019142,http://n2t.net/ark:/99166/w6qs2jb4,,,True,False,False,"['http://viaf.org/viaf/231018582', 'http://www.worldcat.org/wcidentities/lccn-no94019142', 'http://id.loc.gov/authorities/names/no94019142']",http://viaf.org/viaf/231018582,http://www.worldcat.org/wcidentities/lccn-no94019142,http://id.loc.gov/authorities/names/no94019142,,,,,,,,,,,http://n2t.net/ark:/99166/w6qs2jb4
/agents/people/57522,"Alekseeva, Lidii︠a︡, 1909-1989",http://id.loc.gov/authorities/names/n86051194,http://n2t.net/ark:/99166/w6k9581v,,,True,False,False,"['http://viaf.org/viaf/8255640', 'http://www.worldcat.org/wcidentities/lccn-n86051194', 'http://id.loc.gov/authorities/names/n86051194']",http://viaf.org/viaf/8255640,http://www.worldcat.org/wcidentities/lccn-n86051194,http://id.loc.gov/authorities/names/n86051194,,,,,,,,,,,http://n2t.net/ark:/99166/w6k9581v
/agents/people/79358,"Pauker, John, 1920-",http://id.loc.gov/authorities/names/n80138171,http://n2t.net/ark:/99166/w60g41z4,,,True,False,False,"['http://viaf.org/viaf/113352822', 'http://www.worldcat.org/wcidentities/lccn-n80138171', 'http://id.loc.gov/authorities/names/n80138171']",http://viaf.org/viaf/113352822,http://www.worldcat.org/wcidentities/lccn-n80138171,http://id.loc.gov/authorities/names/n80138171,,,,,,,,,,,http://n2t.net/ark:/99166/w60g41z4
/agents/people/83842,"Rachewiltz, Mary de, 1925-",http://id.loc.gov/authorities/names/n50054907,http://n2t.net/ark:/99166/w6zw22nk,,,True,False,False,"['http://viaf.org/viaf/22269373', 'http://www.worldcat.org/wcidentities/lccn-n50054907', 'http://id.loc.gov/authorities/names/n50054907']",http://viaf.org/viaf/22269373,http://www.worldcat.org/wcidentities/lccn-n50054907,http://id.loc.gov/authorities/names/n50054907,,,,,,,,,,,http://n2t.net/ark:/99166/w6zw22nk
/agents/people/75087,"Pound, Omar S., 1926-",http://id.loc.gov/authorities/names/n50019584,http://n2t.net/ark:/99166/w6rc7jhf,,,True,False,False,"['http://viaf.org/viaf/41856451', 'http://en.wikipedia.org/wiki/Omar_Pound', 'http://www.worldcat.org/wcidentities/lccn-n50019584', 'http://id.loc.gov/authorities/names/n50019584']",http://viaf.org/viaf/41856451,http://en.wikipedia.org/wiki/Omar_Pound,http://www.worldcat.org/wcidentities/lccn-n50019584,http://id.loc.gov/authorities/names/n50019584,,,,,,,,,,http://n2t.net/ark:/99166/w6rc7jhf
/agents/people/81234,"Lansing, Gerrit, 1928-",http://id.loc.gov/authorities/names/n78014875,http://n2t.net/ark:/99166/w6874rxf,,,True,False,False,"['http://viaf.org/viaf/48014588', 'http://www.worldcat.org/wcidentities/lccn-n78-014875', 'http://id.loc.gov/authorities/names/n78014875']",http://viaf.org/viaf/48014588,http://www.worldcat.org/wcidentities/lccn-n78-014875,http://id.loc.gov/authorities/names/n78014875,,,,,,,,,,,http://n2t.net/ark:/99166/w6874rxf
/agents/people/65500,"McClure, Michael, 1932-",http://id.loc.gov/authorities/names/n79032189,http://n2t.net/ark:/99166/w6rv36kh,,,True,False,False,"['http://viaf.org/viaf/71493269', 'http://www.worldcat.org/wcidentities/lccn-n79032189', 'http://id.loc.gov/authorities/names/n79032189', 'http://en.wikipedia.org/wiki/Michael_McClure']",http://viaf.org/viaf/71493269,http://www.worldcat.org/wcidentities/lccn-n79032189,http://id.loc.gov/authorities/names/n79032189,http://en.wikipedia.org/wiki/Michael_McClure,,,,,,,,,,http://n2t.net/ark:/99166/w6rv36kh
/agents/people/66376,"Plowden, David, 1932-",http://id.loc.gov/authorities/names/n50020147,http://n2t.net/ark:/99166/w68s61hn,,,True,False,False,"['http://viaf.org/viaf/96154959', 'http://www.worldcat.org/wcidentities/lccn-n50020147', 'http://id.loc.gov/authorities/names/n50020147', 'http://en.wikipedia.org/wiki/David_Plowden']",http://viaf.org/viaf/96154959,http://www.worldcat.org/wcidentities/lccn-n50020147,http://id.loc.gov/authorities/names/n50020147,http://en.wikipedia.org/wiki/David_Plowden,,,,,,,,,,http://n2t.net/ark:/99166/w68s61hn
/agents/people/77245,"Kleinzahler, August, 1949-",http://id.loc.gov/authorities/names/n77019446,http://n2t.net/ark:/99166/w60h5vnr,,,True,False,False,"['http://viaf.org/viaf/71419143', 'http://www.worldcat.org/wcidentities/lccn-n77-019446', 'http://id.loc.gov/authorities/names/n77019446', 'http://en.wikipedia.org/wiki/August_Kleinzahler']",http://viaf.org/viaf/71419143,http://www.worldcat.org/wcidentities/lccn-n77-019446,http://id.loc.gov/authorities/names/n77019446,http://en.wikipedia.org/wiki/August_Kleinzahler,,,,,,,,,,http://n2t.net/ark:/99166/w60h5vnr
/agents/people/23453,"Allston, Washington, 1779-1843",http://id.loc.gov/authorities/names/n80010033,http://n2t.net/ark:/99166/w6xw4j09,,,True,False,False,"['http://viaf.org/viaf/57408203', 'http://www.worldcat.org/wcidentities/lccn-n80010033', 'http://id.loc.gov/authorities/names/n80010033', 'http://en.wikipedia.org/wiki/Washington_Allston']",http://viaf.org/viaf/57408203,http://www.worldcat.org/wcidentities/lccn-n80010033,http://id.loc.gov/authorities/names/n80010033,http://en.wikipedia.org/wiki/Washington_Allston,,,,,,,,,,http://n2t.net/ark:/99166/w6xw4j09
/agents/people/23516,"Blake, John Lauris, 1788-1857",http://id.loc.gov/authorities/names/n85387584,http://n2t.net/ark:/99166/w6st9jdn,,,True,False,False,"['http://viaf.org/viaf/27472565', 'http://en.wikipedia.org/wiki/John_Lauris_Blake', 'http://www.worldcat.org/wcidentities/lccn-n85387584', 'http://id.loc.gov/authorities/names/n85387584']",http://viaf.org/viaf/27472565,http://en.wikipedia.org/wiki/John_Lauris_Blake,http://www.worldcat.org/wcidentities/lccn-n85387584,http://id.loc.gov/authorities/names/n85387584,,,,,,,,,,http://n2t.net/ark:/99166/w6st9jdn
/agents/people/23530,"Branch, Mary Lydia, 1840-1922",http://id.loc.gov/authorities/names/n88648857,http://n2t.net/ark:/99166/w61v5pqb,,,True,False,False,"['http://viaf.org/viaf/63127479', 'http://www.worldcat.org/wcidentities/lccn-n88648857', 'http://id.loc.gov/authorities/names/n88648857']",http://viaf.org/viaf/63127479,http://www.worldcat.org/wcidentities/lccn-n88648857,http://id.loc.gov/authorities/names/n88648857,,,,,,,,,,,http://n2t.net/ark:/99166/w61v5pqb
/agents/people/23534,"Brockett, L. P. (Linus Pierpont), 1820-1893",http://id.loc.gov/authorities/names/nr89007188,http://n2t.net/ark:/99166/w6k10gvf,,,True,False,False,"['http://viaf.org/viaf/21987671', 'http://www.worldcat.org/wcidentities/lccn-nr89007188', 'http://id.loc.gov/authorities/names/nr89007188']",http://viaf.org/viaf/21987671,http://www.worldcat.org/wcidentities/lccn-nr89007188,http://id.loc.gov/authorities/names/nr89007188,,,,,,,,,,,http://n2t.net/ark:/99166/w6k10gvf
/agents/people/23573,"Caldwell, Erskine, 1903-1987",http://id.loc.gov/authorities/names/n78095661,http://n2t.net/ark:/99166/w69t2f58,,,True,False,False,"['http://viaf.org/viaf/46758305', 'http://en.wikipedia.org/wiki/Erskine_Caldwell', 'http://www.worldcat.org/wcidentities/lccn-n78095661', 'http://id.loc.gov/authorities/names/n78095661']",http://viaf.org/viaf/46758305,http://en.wikipedia.org/wiki/Erskine_Caldwell,http://www.worldcat.org/wcidentities/lccn-n78095661,http://id.loc.gov/authorities/names/n78095661,,,,,,,,,,http://n2t.net/ark:/99166/w69t2f58
/agents/people/23618,"Cook, Joseph, 1838-1901",http://id.loc.gov/authorities/names/n81067894,http://n2t.net/ark:/99166/w6v41jqc,,,True,False,False,"['http://viaf.org/viaf/3272244', 'http://en.wikipedia.org/wiki/Josephus_Flavius_Cook', 'http://www.worldcat.org/wcidentities/lccn-n81067894', 'http://id.loc.gov/authorities/names/n81067894']",http://viaf.org/viaf/3272244,http://en.wikipedia.org/wiki/Josephus_Flavius_Cook,http://www.worldcat.org/wcidentities/lccn-n81067894,http://id.loc.gov/authorities/names/n81067894,,,,,,,,,,http://n2t.net/ark:/99166/w6v41jqc
/agents/people/23631,"Cozzens, Frederic S. (Frederic Swartwout), 1818-1869",http://id.loc.gov/authorities/names/nr91006864,http://n2t.net/ark:/99166/w6057whp,,,True,False,False,"['http://viaf.org/viaf/39229823', 'http://www.worldcat.org/wcidentities/lccn-nr91006864', 'http://id.loc.gov/authorities/names/nr91006864', 'http://en.wikipedia.org/wiki/Frederick_Swartwout_Cozzens']",http://viaf.org/viaf/39229823,http://www.worldcat.org/wcidentities/lccn-nr91006864,http://id.loc.gov/authorities/names/nr91006864,http://en.wikipedia.org/wiki/Frederick_Swartwout_Cozzens,,,,,,,,,,http://n2t.net/ark:/99166/w6057whp
/agents/people/23716,"Fay, Theodore S. (Theodore Sedgwick), 1807-1898",http://id.loc.gov/authorities/names/n84160246,http://n2t.net/ark:/99166/w6hm57t7,,,True,False,False,"['http://viaf.org/viaf/57366511', 'http://en.wikipedia.org/wiki/Theodore_Sedgwick_Fay', 'http://www.worldcat.org/wcidentities/lccn-n84160246', 'http://id.loc.gov/authorities/names/n84160246']",http://viaf.org/viaf/57366511,http://en.wikipedia.org/wiki/Theodore_Sedgwick_Fay,http://www.worldcat.org/wcidentities/lccn-n84160246,http://id.loc.gov/authorities/names/n84160246,,,,,,,,,,http://n2t.net/ark:/99166/w6hm57t7
/agents/people/5539,"Browne, Martha Griffith, 1828-1906",http://id.loc.gov/authorities/names/n90630137,http://n2t.net/ark:/99166/w6rj68s2,,,True,False,False,"['http://viaf.org/viaf/55768546', 'http://www.worldcat.org/wcidentities/lccn-n90630137', 'http://id.loc.gov/authorities/names/n90630137']",http://viaf.org/viaf/55768546,http://www.worldcat.org/wcidentities/lccn-n90630137,http://id.loc.gov/authorities/names/n90630137,,,,,,,,,,,http://n2t.net/ark:/99166/w6rj68s2
/agents/people/7507,"Aldrich, Thomas Bailey, 1836-1907",http://id.loc.gov/authorities/names/n50037325,http://n2t.net/ark:/99166/w6kh0p10,,,True,False,False,"['http://viaf.org/viaf/67259007', 'http://www.worldcat.org/wcidentities/lccn-n50037325', 'http://id.loc.gov/authorities/names/n50037325', 'http://en.wikipedia.org/wiki/Thomas_Bailey_Aldrich']",http://viaf.org/viaf/67259007,http://www.worldcat.org/wcidentities/lccn-n50037325,http://id.loc.gov/authorities/names/n50037325,http://en.wikipedia.org/wiki/Thomas_Bailey_Aldrich,,,,,,,,,,http://n2t.net/ark:/99166/w6kh0p10
/agents/people/8572,"Allibone, S. Austin (Samuel Austin), 1816-1889",http://id.loc.gov/authorities/names/n50022995,http://n2t.net/ark:/99166/w6vd7062,,,True,False,False,"['http://viaf.org/viaf/66618905', 'http://www.worldcat.org/wcidentities/lccn-n50022995', 'http://id.loc.gov/authorities/names/n50022995', 'http://en.wikipedia.org/wiki/Samuel_Austin_Allibone']",http://viaf.org/viaf/66618905,http://www.worldcat.org/wcidentities/lccn-n50022995,http://id.loc.gov/authorities/names/n50022995,http://en.wikipedia.org/wiki/Samuel_Austin_Allibone,,,,,,,,,,http://n2t.net/ark:/99166/w6vd7062
/agents/people/8888,"Brooks, Charles T. (Charles Timothy), 1813-1853",http://id.loc.gov/authorities/names/n82102528,http://n2t.net/ark:/99166/w6n0197z,,,True,False,False,"['http://viaf.org/viaf/88087416', 'http://en.wikipedia.org/wiki/Charles_Timothy_Brooks', 'http://www.worldcat.org/wcidentities/lccn-n82102528', 'http://id.loc.gov/authorities/names/n82102528']",http://viaf.org/viaf/88087416,http://en.wikipedia.org/wiki/Charles_Timothy_Brooks,http://www.worldcat.org/wcidentities/lccn-n82102528,http://id.loc.gov/authorities/names/n82102528,,,,,,,,,,http://n2t.net/ark:/99166/w6n0197z
/agents/people/94686,"Foucault, Michael, 1926-1984",http://id.loc.gov/authorities/names/n79065356,http://n2t.net/ark:/99166/w67h5dqf,,,True,False,False,"['http://viaf.org/viaf/104722665', 'http://www.worldcat.org/wcidentities/lccn-n79065356', 'http://id.loc.gov/authorities/names/n79065356', 'http://en.wikipedia.org/wiki/Michel_Foucault']",http://viaf.org/viaf/104722665,http://www.worldcat.org/wcidentities/lccn-n79065356,http://id.loc.gov/authorities/names/n79065356,http://en.wikipedia.org/wiki/Michel_Foucault,,,,,,,,,,http://n2t.net/ark:/99166/w67h5dqf
/agents/people/56477,"Saint-Georges, Henri, 1799-1875",http://id.loc.gov/authorities/names/n81048042,http://n2t.net/ark:/99166/w6474c67,,,True,False,False,"['http://viaf.org/viaf/87736046', 'http://en.wikipedia.org/wiki/Jules-Henri_Vernoy_de_Saint-Georges', 'http://www.worldcat.org/wcidentities/lccn-n81048042', 'http://id.loc.gov/authorities/names/n81048042']",http://viaf.org/viaf/87736046,http://en.wikipedia.org/wiki/Jules-Henri_Vernoy_de_Saint-Georges,http://www.worldcat.org/wcidentities/lccn-n81048042,http://id.loc.gov/authorities/names/n81048042,,,,,,,,,,http://n2t.net/ark:/99166/w6474c67
/agents/people/57840,"Holland, J. G. (Josiah Gilbert), 1819-1881",http://id.loc.gov/authorities/names/n85035960,http://n2t.net/ark:/99166/w6dj5xzp,,,True,False,False,"['http://viaf.org/viaf/8255348', 'http://en.wikipedia.org/wiki/Josiah_Gilbert_Holland', 'http://www.worldcat.org/wcidentities/lccn-n85035960', 'http://id.loc.gov/authorities/names/n85035960']",http://viaf.org/viaf/8255348,http://en.wikipedia.org/wiki/Josiah_Gilbert_Holland,http://www.worldcat.org/wcidentities/lccn-n85035960,http://id.loc.gov/authorities/names/n85035960,,,,,,,,,,http://n2t.net/ark:/99166/w6dj5xzp
/agents/people/62289,"Kunert, Günter, 1929-",http://id.loc.gov/authorities/names/n50045781,http://n2t.net/ark:/99166/w68w55jd,,,True,False,False,"['http://viaf.org/viaf/160767017', 'http://en.wikipedia.org/wiki/G%C3%BCnter_Kunert', 'http://www.worldcat.org/wcidentities/lccn-n50045781', 'http://id.loc.gov/authorities/names/n50045781']",http://viaf.org/viaf/160767017,http://en.wikipedia.org/wiki/G%C3%BCnter_Kunert,http://www.worldcat.org/wcidentities/lccn-n50045781,http://id.loc.gov/authorities/names/n50045781,,,,,,,,,,http://n2t.net/ark:/99166/w68w55jd
/agents/people/62507,"Lethem, Jonathan, 1964-",http://id.loc.gov/authorities/names/n93046269,http://n2t.net/ark:/99166/w6vh67v4,,,True,False,False,"['http://viaf.org/viaf/56745677', 'http://www.worldcat.org/wcidentities/lccn-n93046269', 'http://id.loc.gov/authorities/names/n93046269', 'http://en.wikipedia.org/wiki/Jonathan_Lethem']",http://viaf.org/viaf/56745677,http://www.worldcat.org/wcidentities/lccn-n93046269,http://id.loc.gov/authorities/names/n93046269,http://en.wikipedia.org/wiki/Jonathan_Lethem,,,,,,,,,,http://n2t.net/ark:/99166/w6vh67v4
/agents/people/63003,"Winks, Robin W., 1930-",http://id.loc.gov/authorities/names/n78079527,http://n2t.net/ark:/99166/w6m339t2,,,True,False,False,"['http://viaf.org/viaf/66483584', 'http://en.wikipedia.org/wiki/Robin_Winks', 'http://www.worldcat.org/wcidentities/lccn-n78079527', 'http://id.loc.gov/authorities/names/n78079527']",http://viaf.org/viaf/66483584,http://en.wikipedia.org/wiki/Robin_Winks,http://www.worldcat.org/wcidentities/lccn-n78079527,http://id.loc.gov/authorities/names/n78079527,,,,,,,,,,http://n2t.net/ark:/99166/w6m339t2
/agents/people/63351,"Quinn, Mary Bernetta, 1915-",http://id.loc.gov/authorities/names/n80133129,http://n2t.net/ark:/99166/w6jh42vh,,,True,False,False,"['http://viaf.org/viaf/11154749', 'http://www.worldcat.org/wcidentities/lccn-n80133129', 'http://id.loc.gov/authorities/names/n80133129']",http://viaf.org/viaf/11154749,http://www.worldcat.org/wcidentities/lccn-n80133129,http://id.loc.gov/authorities/names/n80133129,,,,,,,,,,,http://n2t.net/ark:/99166/w6jh42vh
/agents/people/63910,"Boieldieu, A. (Adrien), 1775-1834",http://id.loc.gov/authorities/names/n81015517,http://n2t.net/ark:/99166/w6gm85h6,,,True,False,False,"['http://viaf.org/viaf/73962796', 'http://www.worldcat.org/wcidentities/lccn-n81015517', 'http://id.loc.gov/authorities/names/n81015517', 'http://en.wikipedia.org/wiki/Fran%C3%A7ois-Adrien_Boieldieu']",http://viaf.org/viaf/73962796,http://www.worldcat.org/wcidentities/lccn-n81015517,http://id.loc.gov/authorities/names/n81015517,http://en.wikipedia.org/wiki/Fran%C3%A7ois-Adrien_Boieldieu,,,,,,,,,,http://n2t.net/ark:/99166/w6gm85h6
/agents/people/64211,"Ellis, Henry, 1777-1869",http://id.loc.gov/authorities/names/n50011810,http://n2t.net/ark:/99166/w65m64jp,,,True,False,False,"['http://viaf.org/viaf/27181148', 'http://en.wikipedia.org/wiki/Henry_Ellis_%28librarian%29', 'http://www.worldcat.org/wcidentities/lccn-n50011810', 'http://id.loc.gov/authorities/names/n50011810']",http://viaf.org/viaf/27181148,http://en.wikipedia.org/wiki/Henry_Ellis_%28librarian%29,http://www.worldcat.org/wcidentities/lccn-n50011810,http://id.loc.gov/authorities/names/n50011810,,,,,,,,,,http://n2t.net/ark:/99166/w65m64jp
/agents/people/64564,"Soupault, Philippe, 1897-1990",http://id.loc.gov/authorities/names/n50014151,http://n2t.net/ark:/99166/w6np2wj9,,,True,False,False,"['http://viaf.org/viaf/109453511', 'http://www.worldcat.org/wcidentities/lccn-n50014151', 'http://id.loc.gov/authorities/names/n50014151', 'http://en.wikipedia.org/wiki/Philippe_Soupault']",http://viaf.org/viaf/109453511,http://www.worldcat.org/wcidentities/lccn-n50014151,http://id.loc.gov/authorities/names/n50014151,http://en.wikipedia.org/wiki/Philippe_Soupault,,,,,,,,,,http://n2t.net/ark:/99166/w6np2wj9
/agents/people/65053,"Phillips, R., Sir (Richard), 1767-1840",http://id.loc.gov/authorities/names/n84806397,http://n2t.net/ark:/99166/w6903pnj,,,True,False,False,"['http://viaf.org/viaf/37243190', 'http://en.wikipedia.org/wiki/Sir_Richard_Phillips', 'http://www.worldcat.org/wcidentities/lccn-n84806397', 'http://id.loc.gov/authorities/names/n84806397']",http://viaf.org/viaf/37243190,http://en.wikipedia.org/wiki/Sir_Richard_Phillips,http://www.worldcat.org/wcidentities/lccn-n84806397,http://id.loc.gov/authorities/names/n84806397,,,,,,,,,,http://n2t.net/ark:/99166/w6903pnj
/agents/people/66546,"Carson, Rachel, 1907-1964",http://id.loc.gov/authorities/names/n50035129,http://n2t.net/ark:/99166/w6v126zq,,,True,False,False,"['http://viaf.org/viaf/4927694', 'http://www.worldcat.org/wcidentities/lccn-n50035129', 'http://id.loc.gov/authorities/names/n50035129', 'http://en.wikipedia.org/wiki/Rachel_Carson']",http://viaf.org/viaf/4927694,http://www.worldcat.org/wcidentities/lccn-n50035129,http://id.loc.gov/authorities/names/n50035129,http://en.wikipedia.org/wiki/Rachel_Carson,,,,,,,,,,http://n2t.net/ark:/99166/w6v126zq
/agents/people/67362,"Torberg, Friedrich, 1908-1979",http://id.loc.gov/authorities/names/n81055314,http://n2t.net/ark:/99166/w6nv9m97,,,True,False,False,"['http://viaf.org/viaf/39391045', 'http://www.worldcat.org/wcidentities/lccn-n81055314', 'http://id.loc.gov/authorities/names/n81055314', 'http://en.wikipedia.org/wiki/Friedrich_Torberg']",http://viaf.org/viaf/39391045,http://www.worldcat.org/wcidentities/lccn-n81055314,http://id.loc.gov/authorities/names/n81055314,http://en.wikipedia.org/wiki/Friedrich_Torberg,,,,,,,,,,http://n2t.net/ark:/99166/w6nv9m97
/agents/people/68637,"Fizdale, Robert, 1920-1995",http://id.loc.gov/authorities/names/n79103685,http://n2t.net/ark:/99166/w68g8z50,,,True,False,False,"['http://viaf.org/viaf/29717877', 'http://www.worldcat.org/wcidentities/lccn-n79103685', 'http://id.loc.gov/authorities/names/n79103685']",http://viaf.org/viaf/29717877,http://www.worldcat.org/wcidentities/lccn-n79103685,http://id.loc.gov/authorities/names/n79103685,,,,,,,,,,,http://n2t.net/ark:/99166/w68g8z50
/agents/people/72175,"Houbraken, Jacobus, 1698-1780",http://id.loc.gov/authorities/names/no2005063124,http://n2t.net/ark:/99166/w69s4489,,,True,False,False,"['http://viaf.org/viaf/7659158', 'http://en.wikipedia.org/wiki/Jacobus_Houbraken', 'http://www.worldcat.org/wcidentities/lccn-no2005063124', 'http://id.loc.gov/authorities/names/no2005063124']",http://viaf.org/viaf/7659158,http://en.wikipedia.org/wiki/Jacobus_Houbraken,http://www.worldcat.org/wcidentities/lccn-no2005063124,http://id.loc.gov/authorities/names/no2005063124,,,,,,,,,,http://n2t.net/ark:/99166/w69s4489
/agents/people/73349,"Guizot, François, 1787-1874",http://id.loc.gov/authorities/names/n50057779,http://n2t.net/ark:/99166/w6mh1xc2,,,True,False,False,"['http://viaf.org/viaf/29600143', 'http://en.wikipedia.org/wiki/Fran%C3%A7ois_Guizot', 'http://www.worldcat.org/wcidentities/lccn-n50057779', 'http://id.loc.gov/authorities/names/n50057779']",http://viaf.org/viaf/29600143,http://en.wikipedia.org/wiki/Fran%C3%A7ois_Guizot,http://www.worldcat.org/wcidentities/lccn-n50057779,http://id.loc.gov/authorities/names/n50057779,,,,,,,,,,http://n2t.net/ark:/99166/w6mh1xc2
/agents/people/73542,"Foote, H. W. (Harry Ward), 1875-1942",http://id.loc.gov/authorities/names/no2011069441,http://n2t.net/ark:/99166/w6x646kw,,,True,False,False,"['http://viaf.org/viaf/51681253', 'http://www.worldcat.org/wcidentities/lccn-no2011069441', 'http://id.loc.gov/authorities/names/no2011069441']",http://viaf.org/viaf/51681253,http://www.worldcat.org/wcidentities/lccn-no2011069441,http://id.loc.gov/authorities/names/no2011069441,,,,,,,,,,,http://n2t.net/ark:/99166/w6x646kw
/agents/people/73738,"Howitt, Mary (Mary Botham), 1799-1888",http://id.loc.gov/authorities/names/n50029222,http://n2t.net/ark:/99166/w6bv7jv1,,,True,False,False,"['http://viaf.org/viaf/42648131', 'http://en.wikipedia.org/wiki/Mary_Howitt', 'http://www.worldcat.org/wcidentities/lccn-n50029222', 'http://id.loc.gov/authorities/names/n50029222']",http://viaf.org/viaf/42648131,http://en.wikipedia.org/wiki/Mary_Howitt,http://www.worldcat.org/wcidentities/lccn-n50029222,http://id.loc.gov/authorities/names/n50029222,,,,,,,,,,http://n2t.net/ark:/99166/w6bv7jv1
/agents/people/73878,"Parks, Stephen, 1940-",http://id.loc.gov/authorities/names/n84021901,http://n2t.net/ark:/99166/w6303w7s,,,True,False,False,"['http://viaf.org/viaf/49271722', 'http://www.worldcat.org/wcidentities/lccn-n84-021901', 'http://id.loc.gov/authorities/names/n84021901']",http://viaf.org/viaf/49271722,http://www.worldcat.org/wcidentities/lccn-n84-021901,http://id.loc.gov/authorities/names/n84021901,,,,,,,,,,,http://n2t.net/ark:/99166/w6303w7s
/agents/people/74093,"Toynbee, Arnold, 1889-1975",http://id.loc.gov/authorities/names/n79071401,http://n2t.net/ark:/99166/w6w66tzq,,,True,False,False,"['http://viaf.org/viaf/54154945', 'http://en.wikipedia.org/wiki/Arnold_J._Toynbee', 'http://www.worldcat.org/wcidentities/lccn-n79071401', 'http://id.loc.gov/authorities/names/n79071401']",http://viaf.org/viaf/54154945,http://en.wikipedia.org/wiki/Arnold_J._Toynbee,http://www.worldcat.org/wcidentities/lccn-n79071401,http://id.loc.gov/authorities/names/n79071401,,,,,,,,,,http://n2t.net/ark:/99166/w6w66tzq
/agents/people/74655,"Cass, Lewis, 1782-1866",http://id.loc.gov/authorities/names/n50034113,http://n2t.net/ark:/99166/w6w37th7,,,True,False,False,"['http://id.loc.gov/authorities/names/n50034113', 'https://catalog.archives.gov/id/10582952', 'http://viaf.org/viaf/74646968', 'http://en.wikipedia.org/wiki/Lewis_Cass', 'http://www.worldcat.org/wcidentities/lccn-n50034113', 'http://id.loc.gov/authorities/names/n50034113']",http://id.loc.gov/authorities/names/n50034113,https://catalog.archives.gov/id/10582952,http://viaf.org/viaf/74646968,http://en.wikipedia.org/wiki/Lewis_Cass,http://www.worldcat.org/wcidentities/lccn-n50034113,http://id.loc.gov/authorities/names/n50034113,,,,,,,,http://n2t.net/ark:/99166/w6w37th7
/agents/people/75541,"Walpole, Hugh, 1884-1941",http://id.loc.gov/authorities/names/n79151207,http://n2t.net/ark:/99166/w6pn96mj,,,True,False,False,"['http://viaf.org/viaf/76523409', 'http://www.worldcat.org/wcidentities/lccn-n79151207', 'http://id.loc.gov/authorities/names/n79151207', 'http://en.wikipedia.org/wiki/Hugh_Walpole']",http://viaf.org/viaf/76523409,http://www.worldcat.org/wcidentities/lccn-n79151207,http://id.loc.gov/authorities/names/n79151207,http://en.wikipedia.org/wiki/Hugh_Walpole,,,,,,,,,,http://n2t.net/ark:/99166/w6pn96mj
/agents/people/76264,"Simpson, Louis, 1923-2012",http://id.loc.gov/authorities/names/n50023694,http://n2t.net/ark:/99166/w60012zk,,,True,False,False,"['http://viaf.org/viaf/7509913', 'http://www.worldcat.org/wcidentities/lccn-n50023694', 'http://id.loc.gov/authorities/names/n50023694', 'http://en.wikipedia.org/wiki/Louis_Simpson']",http://viaf.org/viaf/7509913,http://www.worldcat.org/wcidentities/lccn-n50023694,http://id.loc.gov/authorities/names/n50023694,http://en.wikipedia.org/wiki/Louis_Simpson,,,,,,,,,,http://n2t.net/ark:/99166/w60012zk
/agents/people/78154,"Smith, Charlotte, 1749-1806",http://id.loc.gov/authorities/names/n80016993,http://n2t.net/ark:/99166/w6t157mg,,,True,False,False,"['http://viaf.org/viaf/39513727', 'http://en.wikipedia.org/wiki/Charlotte_Turner_Smith', 'http://www.worldcat.org/wcidentities/lccn-n80016993', 'http://id.loc.gov/authorities/names/n80016993']",http://viaf.org/viaf/39513727,http://en.wikipedia.org/wiki/Charlotte_Turner_Smith,http://www.worldcat.org/wcidentities/lccn-n80016993,http://id.loc.gov/authorities/names/n80016993,,,,,,,,,,http://n2t.net/ark:/99166/w6t157mg
/agents/people/78646,"Keynes, Geoffrey, 1887-1982",http://id.loc.gov/authorities/names/n80063344,http://n2t.net/ark:/99166/w6q24g8x,,,True,False,False,"['http://viaf.org/viaf/68944675', 'http://www.worldcat.org/wcidentities/lccn-n80063344', 'http://id.loc.gov/authorities/names/n80063344', 'http://en.wikipedia.org/wiki/Geoffrey_Keynes']",http://viaf.org/viaf/68944675,http://www.worldcat.org/wcidentities/lccn-n80063344,http://id.loc.gov/authorities/names/n80063344,http://en.wikipedia.org/wiki/Geoffrey_Keynes,,,,,,,,,,http://n2t.net/ark:/99166/w6q24g8x
/agents/people/78978,"Ludwig, King of Bavaria, II, 1845-1886",http://id.loc.gov/authorities/names/n80149571,http://n2t.net/ark:/99166/w6862ttt,,,True,False,False,"['http://viaf.org/viaf/64799557', 'http://www.worldcat.org/wcidentities/lccn-n80149571', 'http://id.loc.gov/authorities/names/n80149571']",http://viaf.org/viaf/64799557,http://www.worldcat.org/wcidentities/lccn-n80149571,http://id.loc.gov/authorities/names/n80149571,,,,,,,,,,,http://n2t.net/ark:/99166/w6862ttt
/agents/people/79422,"Livermore, Mary A. (Mary Ashton), 1820-1905",http://id.loc.gov/authorities/names/n50050175,http://n2t.net/ark:/99166/w63z8wwv,,,True,False,False,"['http://viaf.org/viaf/20833470', 'http://www.worldcat.org/wcidentities/lccn-n50050175', 'http://id.loc.gov/authorities/names/n50050175', 'http://www.wikidata.org/entity/Q6780099']",http://viaf.org/viaf/20833470,http://www.worldcat.org/wcidentities/lccn-n50050175,http://id.loc.gov/authorities/names/n50050175,http://www.wikidata.org/entity/Q6780099,,,,,,,,,,http://n2t.net/ark:/99166/w63z8wwv
/agents/people/81180,"Jebb, R. C. (Richard Claverhouse), 1841-1905",http://id.loc.gov/authorities/names/n50039216,http://n2t.net/ark:/99166/w6jq2h74,,,True,False,False,"['http://viaf.org/viaf/2603144', 'http://www.worldcat.org/wcidentities/lccn-n50039216', 'http://id.loc.gov/authorities/names/n50039216', 'http://en.wikipedia.org/wiki/Richard_Claverhouse_Jebb']",http://viaf.org/viaf/2603144,http://www.worldcat.org/wcidentities/lccn-n50039216,http://id.loc.gov/authorities/names/n50039216,http://en.wikipedia.org/wiki/Richard_Claverhouse_Jebb,,,,,,,,,,http://n2t.net/ark:/99166/w6jq2h74
/agents/people/82318,"Komunyakaa, Yusef, 1947-",http://id.loc.gov/authorities/names/n82203462,http://n2t.net/ark:/99166/w6h17k66,,,True,False,False,"['http://viaf.org/viaf/32006129', 'http://www.worldcat.org/wcidentities/lccn-n82203462', 'http://id.loc.gov/authorities/names/n82203462', 'http://en.wikipedia.org/wiki/Yusef_Komunyakaa']",http://viaf.org/viaf/32006129,http://www.worldcat.org/wcidentities/lccn-n82203462,http://id.loc.gov/authorities/names/n82203462,http://en.wikipedia.org/wiki/Yusef_Komunyakaa,,,,,,,,,,http://n2t.net/ark:/99166/w6h17k66
/agents/people/82695,"Spoerri, Daniel, 1930-",http://id.loc.gov/authorities/names/n82000968,http://n2t.net/ark:/99166/w6gt5tns,,,True,False,False,"['http://viaf.org/viaf/95873909', 'http://www.worldcat.org/wcidentities/lccn-n82000968', 'http://id.loc.gov/authorities/names/n82000968', 'http://en.wikipedia.org/wiki/Daniel_Spoerri']",http://viaf.org/viaf/95873909,http://www.worldcat.org/wcidentities/lccn-n82000968,http://id.loc.gov/authorities/names/n82000968,http://en.wikipedia.org/wiki/Daniel_Spoerri,,,,,,,,,,http://n2t.net/ark:/99166/w6gt5tns
/agents/people/86714,"Lamar, Howard Roberts, 1923-",http://id.loc.gov/authorities/names/n81032807,http://n2t.net/ark:/99166/w6wq0kc3,,,True,False,False,"['http://viaf.org/viaf/84583311', 'http://www.worldcat.org/wcidentities/lccn-n81032807', 'http://id.loc.gov/authorities/names/n81032807', 'http://en.wikipedia.org/wiki/Howard_R._Lamar']",http://viaf.org/viaf/84583311,http://www.worldcat.org/wcidentities/lccn-n81032807,http://id.loc.gov/authorities/names/n81032807,http://en.wikipedia.org/wiki/Howard_R._Lamar,,,,,,,,,,http://n2t.net/ark:/99166/w6wq0kc3
/agents/people/86961,"McClatchy, J. D., 1945-",http://id.loc.gov/authorities/names/n77011314,http://n2t.net/ark:/99166/w6jw98rb,,,True,False,False,"['http://viaf.org/viaf/98044618', 'http://www.worldcat.org/wcidentities/lccn-n77011314', 'http://id.loc.gov/authorities/names/n77011314', 'http://en.wikipedia.org/wiki/J._D._McClatchy']",http://viaf.org/viaf/98044618,http://www.worldcat.org/wcidentities/lccn-n77011314,http://id.loc.gov/authorities/names/n77011314,http://en.wikipedia.org/wiki/J._D._McClatchy,,,,,,,,,,http://n2t.net/ark:/99166/w6jw98rb
/agents/people/87802,"Finley, John H. (John Huston), 1863-1940",http://id.loc.gov/authorities/names/n88059291,http://n2t.net/ark:/99166/w6930v1f,,,True,False,False,"['http://viaf.org/viaf/65067509', 'http://www.worldcat.org/wcidentities/lccn-n88059291', 'http://id.loc.gov/authorities/names/n88059291', 'http://en.wikipedia.org/wiki/John_Huston_Finley']",http://viaf.org/viaf/65067509,http://www.worldcat.org/wcidentities/lccn-n88059291,http://id.loc.gov/authorities/names/n88059291,http://en.wikipedia.org/wiki/John_Huston_Finley,,,,,,,,,,http://n2t.net/ark:/99166/w6930v1f
/agents/people/88529,"Nugent, Bruce, 1906-1987",http://id.loc.gov/authorities/names/nr93048468,http://n2t.net/ark:/99166/w6806tfb,,,True,False,False,"['http://viaf.org/viaf/7269164', 'http://www.worldcat.org/wcidentities/lccn-nr93048468', 'http://id.loc.gov/authorities/names/nr93048468', 'http://en.wikipedia.org/wiki/Richard_Bruce_Nugent']",http://viaf.org/viaf/7269164,http://www.worldcat.org/wcidentities/lccn-nr93048468,http://id.loc.gov/authorities/names/nr93048468,http://en.wikipedia.org/wiki/Richard_Bruce_Nugent,,,,,,,,,,http://n2t.net/ark:/99166/w6806tfb
/agents/people/88601,"Sitwell, Edith, 1887-1964",http://id.loc.gov/authorities/names/n79018072,http://n2t.net/ark:/99166/w6ks6v5w,,,True,False,False,"['http://viaf.org/viaf/29549983', 'http://www.worldcat.org/wcidentities/lccn-n79018072', 'http://id.loc.gov/authorities/names/n79018072', 'http://en.wikipedia.org/wiki/Edith_Sitwell']",http://viaf.org/viaf/29549983,http://www.worldcat.org/wcidentities/lccn-n79018072,http://id.loc.gov/authorities/names/n79018072,http://en.wikipedia.org/wiki/Edith_Sitwell,,,,,,,,,,http://n2t.net/ark:/99166/w6ks6v5w
/agents/people/89088,"Garibaldi, Giuseppe, 1807-1882",http://id.loc.gov/authorities/names/n79021124,http://n2t.net/ark:/99166/w6qf8zf8,,,True,False,False,"['http://viaf.org/viaf/100192194', 'http://www.worldcat.org/wcidentities/lccn-n79021124', 'http://id.loc.gov/authorities/names/n79021124', 'http://en.wikipedia.org/wiki/Giuseppe_Garibaldi']",http://viaf.org/viaf/100192194,http://www.worldcat.org/wcidentities/lccn-n79021124,http://id.loc.gov/authorities/names/n79021124,http://en.wikipedia.org/wiki/Giuseppe_Garibaldi,,,,,,,,,,http://n2t.net/ark:/99166/w6qf8zf8
/agents/people/89569,"Marinetti, F. T., 1876-1944",http://id.loc.gov/authorities/names/n79063253,http://n2t.net/ark:/99166/w683426c,,,True,False,False,"['http://viaf.org/viaf/4933263', 'http://www.worldcat.org/wcidentities/lccn-n79063253', 'http://id.loc.gov/authorities/names/n79063253', 'http://en.wikipedia.org/wiki/Filippo_Tommaso_Marinetti']",http://viaf.org/viaf/4933263,http://www.worldcat.org/wcidentities/lccn-n79063253,http://id.loc.gov/authorities/names/n79063253,http://en.wikipedia.org/wiki/Filippo_Tommaso_Marinetti,,,,,,,,,,http://n2t.net/ark:/99166/w683426c
/agents/people/90694,"Massie, Robert K., 1929-",http://id.loc.gov/authorities/names/n80050946,http://n2t.net/ark:/99166/w62z36n7,,,True,False,False,"['http://viaf.org/viaf/19866167', 'http://en.wikipedia.org/wiki/Robert_K._Massie', 'http://www.worldcat.org/wcidentities/lccn-n80050946', 'http://id.loc.gov/authorities/names/n80050946']",http://viaf.org/viaf/19866167,http://en.wikipedia.org/wiki/Robert_K._Massie,http://www.worldcat.org/wcidentities/lccn-n80050946,http://id.loc.gov/authorities/names/n80050946,,,,,,,,,,http://n2t.net/ark:/99166/w62z36n7
/agents/people/91054,"Phillips, Caryl, 1958-",http://id.loc.gov/authorities/names/n84145711,http://n2t.net/ark:/99166/w6740vcn,,,True,False,False,"['http://viaf.org/viaf/61589936', 'http://www.worldcat.org/wcidentities/lccn-n84145711', 'http://id.loc.gov/authorities/names/n84145711', 'http://en.wikipedia.org/wiki/Caryl_Phillips']",http://viaf.org/viaf/61589936,http://www.worldcat.org/wcidentities/lccn-n84145711,http://id.loc.gov/authorities/names/n84145711,http://en.wikipedia.org/wiki/Caryl_Phillips,,,,,,,,,,http://n2t.net/ark:/99166/w6740vcn
/agents/people/91477,"Montagu, Mrs. (Elizabeth), 1718-1800",http://id.loc.gov/authorities/names/n50003803,http://n2t.net/ark:/99166/w6x16x3b,,,True,False,False,"['http://viaf.org/viaf/45200405', 'http://en.wikipedia.org/wiki/Elizabeth_Montagu', 'http://www.worldcat.org/wcidentities/lccn-n50003803', 'http://id.loc.gov/authorities/names/n50003803']",http://viaf.org/viaf/45200405,http://en.wikipedia.org/wiki/Elizabeth_Montagu,http://www.worldcat.org/wcidentities/lccn-n50003803,http://id.loc.gov/authorities/names/n50003803,,,,,,,,,,http://n2t.net/ark:/99166/w6x16x3b
/agents/people/94276,"Davidson, David, 1908-1985",http://id.loc.gov/authorities/names/no2004105039,http://n2t.net/ark:/99166/w65t5406,,,True,False,False,"['http://viaf.org/viaf/73574424', 'http://www.worldcat.org/wcidentities/lccn-no2004105039', 'http://id.loc.gov/authorities/names/no2004105039']",http://viaf.org/viaf/73574424,http://www.worldcat.org/wcidentities/lccn-no2004105039,http://id.loc.gov/authorities/names/no2004105039,,,,,,,,,,,http://n2t.net/ark:/99166/w65t5406
/agents/people/95072,"Angelo, Henry, 1756-1835",http://id.loc.gov/authorities/names/n97877397,http://n2t.net/ark:/99166/w6zc8m9t,,,True,False,False,"['http://viaf.org/viaf/26368687', 'http://www.worldcat.org/wcidentities/lccn-n97877397', 'http://id.loc.gov/authorities/names/n97877397']",http://viaf.org/viaf/26368687,http://www.worldcat.org/wcidentities/lccn-n97877397,http://id.loc.gov/authorities/names/n97877397,,,,,,,,,,,http://n2t.net/ark:/99166/w6zc8m9t
/agents/people/93311,"Sickert, Walter, 1860-1942",http://id.loc.gov/authorities/names/n50024008,http://n2t.net/ark:/99166/w60580k6,,,True,False,False,"['http://viaf.org/viaf/39554004', 'http://en.wikipedia.org/wiki/Walter_Sickert', 'http://www.worldcat.org/wcidentities/lccn-n50024008', 'http://id.loc.gov/authorities/names/n50024008']",http://viaf.org/viaf/39554004,http://en.wikipedia.org/wiki/Walter_Sickert,http://www.worldcat.org/wcidentities/lccn-n50024008,http://id.loc.gov/authorities/names/n50024008,,,,,,,,,,http://n2t.net/ark:/99166/w60580k6
/agents/people/94559,"Gallizio, Pinot, 1902-1964",http://id.loc.gov/authorities/names/n94017542,http://n2t.net/ark:/99166/w6r54drq,,,True,False,False,"['http://viaf.org/viaf/74658158', 'http://en.wikipedia.org/wiki/Giuseppe_Pinot-Gallizio', 'http://www.worldcat.org/wcidentities/lccn-n94017542', 'http://id.loc.gov/authorities/names/n94017542']",http://viaf.org/viaf/74658158,http://en.wikipedia.org/wiki/Giuseppe_Pinot-Gallizio,http://www.worldcat.org/wcidentities/lccn-n94017542,http://id.loc.gov/authorities/names/n94017542,,,,,,,,,,http://n2t.net/ark:/99166/w6r54drq
/agents/people/94532,"Delaval, John Hussey Delaval, Baron, 1728-1808",http://id.loc.gov/authorities/names/no2009008669,http://n2t.net/ark:/99166/w68p6kk4,,,True,False,False,"['http://viaf.org/viaf/63842168', 'http://www.worldcat.org/wcidentities/lccn-no2009008669', 'http://id.loc.gov/authorities/names/no2009008669', 'http://en.wikipedia.org/wiki/John_Delaval%2C_1st_Baron_Delaval']",http://viaf.org/viaf/63842168,http://www.worldcat.org/wcidentities/lccn-no2009008669,http://id.loc.gov/authorities/names/no2009008669,http://en.wikipedia.org/wiki/John_Delaval%2C_1st_Baron_Delaval,,,,,,,,,,http://n2t.net/ark:/99166/w68p6kk4
/agents/corporate_entities/7827,United States. Department of the Treasury,http://id.loc.gov/authorities/names/n78096864,http://n2t.net/ark:/99166/w6ch0d45,,,True,False,False,"['http://viaf.org/viaf/123076976', 'http://www.worldcat.org/wcidentities/lccn-n78096864', 'http://id.loc.gov/authorities/names/n78096864', 'https://en.wikipedia.org/wiki/United_States_Department_of_the_Treasury', 'https://catalog.archives.gov/id/10482221', 'http://numismatics.org/authority/united_states_dept_of_the_treasury', 'http://catalogue.bnf.fr/ark:/12148/cb11863641w', 'http://www.idref.fr/026376970', 'http://www.wikidata.org/entity/Q648666', 'http://d-nb.info/gnd/4235522-9', 'http://isni.org/0000000122847884']",http://viaf.org/viaf/123076976,http://www.worldcat.org/wcidentities/lccn-n78096864,http://id.loc.gov/authorities/names/n78096864,https://en.wikipedia.org/wiki/United_States_Department_of_the_Treasury,https://catalog.archives.gov/id/10482221,http://numismatics.org/authority/united_states_dept_of_the_treasury,http://catalogue.bnf.fr/ark:/12148/cb11863641w,http://www.idref.fr/026376970,http://www.wikidata.org/entity/Q648666,http://d-nb.info/gnd/4235522-9,http://isni.org/0000000122847884,,,http://n2t.net/ark:/99166/w6ch0d45
/agents/corporate_entities/8721,Philip Morris and Company,http://id.loc.gov/authorities/names/n80012166,http://n2t.net/ark:/99166/w6r2526r,,,True,False,False,"['http://viaf.org/viaf/148917131', 'http://www.worldcat.org/wcidentities/lccn-n80012166', 'http://id.loc.gov/authorities/names/n80012166']",http://viaf.org/viaf/148917131,http://www.worldcat.org/wcidentities/lccn-n80012166,http://id.loc.gov/authorities/names/n80012166,,,,,,,,,,,http://n2t.net/ark:/99166/w6r2526r
/agents/corporate_entities/9751,John and Josiah Boydell (Firm),http://id.loc.gov/authorities/names/n83227361,http://n2t.net/ark:/99166/w6458sbt,,,True,False,False,"['http://viaf.org/viaf/139598280', 'http://www.worldcat.org/wcidentities/lccn-n83-227361', 'http://id.loc.gov/authorities/names/n83227361']",http://viaf.org/viaf/139598280,http://www.worldcat.org/wcidentities/lccn-n83-227361,http://id.loc.gov/authorities/names/n83227361,,,,,,,,,,,http://n2t.net/ark:/99166/w6458sbt
/agents/corporate_entities/11730,Grosvenor Gallery,http://id.loc.gov/authorities/names/n94056909,http://n2t.net/ark:/99166/w6c01tvr,,,True,False,False,"['http://viaf.org/viaf/146735906', 'http://www.worldcat.org/wcidentities/lccn-n94056909', 'http://id.loc.gov/authorities/names/n94056909']",http://viaf.org/viaf/146735906,http://www.worldcat.org/wcidentities/lccn-n94056909,http://id.loc.gov/authorities/names/n94056909,,,,,,,,,,,http://n2t.net/ark:/99166/w6c01tvr
/agents/corporate_entities/13815,"United States. Army. Minnesota Infantry Regiment, 8th (1862-1865)",http://id.loc.gov/authorities/names/no99009601,http://n2t.net/ark:/99166/w6wx1czp,,,True,False,False,"['http://viaf.org/viaf/148068742', 'http://www.worldcat.org/wcidentities/lccn-no99009601', 'http://id.loc.gov/authorities/names/no99009601']",http://viaf.org/viaf/148068742,http://www.worldcat.org/wcidentities/lccn-no99009601,http://id.loc.gov/authorities/names/no99009601,,,,,,,,,,,http://n2t.net/ark:/99166/w6wx1czp
