agent_uri,agent_name,loc_uri,snac_ark_old,snac_ark_new,snac_ark_merged,snac_ark_final,additional_authorities,authority_1,authority_2,authority_3,authority_4,authority_5,authority_6,authority_7,authority_8,authority_9,authority_10,authority_11,authority_12,authority_13,error_source,error_type,resolution_status,snac_ark,status,ark_status,message,cache_path,compare_status,compare_message,error_id
/agents/people/58791,"Hillhouse, Augustus L. (Augustus Lucas), 1791-1859",http://id.loc.gov/authorities/names/n87123695,http://n2t.net/ark:/99166/w6b00jh8,,,,"['http://viaf.org/viaf/5774654', 'http://www.worldcat.org/wcidentities/lccn-n87123695', 'http://id.loc.gov/authorities/names/n87123695']",http://viaf.org/viaf/5774654,http://www.worldcat.org/wcidentities/lccn-n87123695,http://id.loc.gov/authorities/names/n87123695,,,,,,,,,,,pre_update_validation,validation_error,pending,,,,,,,,ERR0001
/agents/people/71713,"Standing, Guy, 1948-",http://id.loc.gov/authorities/names/n78083509,http://n2t.net/ark:/99166/w6255mw5,,,,"['http://viaf.org/viaf/27216174', 'http://www.worldcat.org/wcidentities/lccn-n78083509', 'http://id.loc.gov/authorities/names/n78083509']",http://viaf.org/viaf/27216174,http://www.worldcat.org/wcidentities/lccn-n78083509,http://id.loc.gov/authorities/names/n78083509,,,,,,,,,,,pre_update_validation,validation_error,pending,,,,,,,,ERR0002
/agents/people/71719,"Labaree, Benjamin, 1801-1883",http://id.loc.gov/authorities/names/no2006049542,http://n2t.net/ark:/99166/w6sb51d3,,,,"['http://viaf.org/viaf/9597492', 'http://www.worldcat.org/wcidentities/lccn-no2006049542', 'http://id.loc.gov/authorities/names/no2006049542', 'http://en.wikipedia.org/wiki/Benjamin_Labaree']",http://viaf.org/viaf/9597492,http://www.worldcat.org/wcidentities/lccn-no2006049542,http://id.loc.gov/authorities/names/no2006049542,http://en.wikipedia.org/wiki/Benjamin_Labaree,,,,,,,,,,pre_update_validation,validation_error,pending,,,,,,,,ERR0003
/agents/people/71721,"Vaccai, Nicola, 1790-1848",http://id.loc.gov/authorities/names/no88004384,http://n2t.net/ark:/99166/w6g4523m,,,,"['http://viaf.org/viaf/46872491', 'http://en.wikipedia.org/wiki/Nicola_Vaccai', 'http://www.worldcat.org/wcidentities/lccn-no88004384', 'http://id.loc.gov/authorities/names/no88004384']",http://viaf.org/viaf/46872491,http://en.wikipedia.org/wiki/Nicola_Vaccai,http://www.worldcat.org/wcidentities/lccn-no88004384,http://id.loc.gov/authorities/names/no88004384,,,,,,,,,,pre_update_validation,validation_error,pending,,,,,,,,ERR0004
/agents/people/56858,"Rops, Félicien, 1833-1898",http://id.loc.gov/authorities/names/n50075855,http://n2t.net/ark:/99166/w6db8c7q,,,,"['http://viaf.org/viaf/34462421', 'http://en.wikipedia.org/wiki/F%C3%A9licien_Rops', 'http://www.worldcat.org/wcidentities/lccn-n50075855', 'http://id.loc.gov/authorities/names/n50075855']",http://viaf.org/viaf/34462421,http://en.wikipedia.org/wiki/F%C3%A9licien_Rops,http://www.worldcat.org/wcidentities/lccn-n50075855,http://id.loc.gov/authorities/names/n50075855,,,,,,,,,,pre_update_validation,validation_error,pending,,,,,,,,ERR0005
/agents/people/56893,"Walpole, Robert, Earl of Orford, 1676-1745",http://id.loc.gov/authorities/names/n50024509,http://n2t.net/ark:/99166/w6gb298p,,,,"['http://viaf.org/viaf/98289961', 'http://en.wikipedia.org/wiki/Robert_Walpole', 'http://www.worldcat.org/wcidentities/lccn-n50024509', 'http://id.loc.gov/authorities/names/n50024509']",http://viaf.org/viaf/98289961,http://en.wikipedia.org/wiki/Robert_Walpole,http://www.worldcat.org/wcidentities/lccn-n50024509,http://id.loc.gov/authorities/names/n50024509,,,,,,,,,,pre_update_validation,validation_error,pending,,,,,,,,ERR0006
/agents/people/58304,"Nordlinger, Marie, 1876-1961",http://id.loc.gov/authorities/names/nb99017005,http://n2t.net/ark:/99166/w6ms7w6f,,,,"['http://viaf.org/viaf/36907032', 'http://www.worldcat.org/wcidentities/lccn-nb99017005', 'http://id.loc.gov/authorities/names/nb99017005']",http://viaf.org/viaf/36907032,http://www.worldcat.org/wcidentities/lccn-nb99017005,http://id.loc.gov/authorities/names/nb99017005,,,,,,,,,,,pre_update_validation,validation_error,pending,,,,,,,,ERR0007
/agents/people/58600,"Tennant, Stephen",http://id.loc.gov/authorities/names/n91052098,http://n2t.net/ark:/99166/w6dg9hbg,,,,"['http://viaf.org/viaf/73032645', 'http://www.worldcat.org/wcidentities/lccn-n91-052098', 'http://id.loc.gov/authorities/names/n91052098', 'http://en.wikipedia.org/wiki/Stephen_Tennant']",http://viaf.org/viaf/73032645,http://www.worldcat.org/wcidentities/lccn-n91-052098,http://id.loc.gov/authorities/names/n91052098,http://en.wikipedia.org/wiki/Stephen_Tennant,,,,,,,,,,pre_update_validation,validation_error,pending,,,,,,,,ERR0008
/agents/people/60110,"Bartlett, Paul Wayland, 1865-1925",http://id.loc.gov/authorities/names/n94028779,http://n2t.net/ark:/99166/w6q54v0x,,,,"['http://viaf.org/viaf/24873594', 'http://www.worldcat.org/wcidentities/lccn-n94028779', 'http://id.loc.gov/authorities/names/n94028779', 'http://en.wikipedia.org/wiki/Paul_Wayland_Bartlett']",http://viaf.org/viaf/24873594,http://www.worldcat.org/wcidentities/lccn-n94028779,http://id.loc.gov/authorities/names/n94028779,http://en.wikipedia.org/wiki/Paul_Wayland_Bartlett,,,,,,,,,,pre_update_validation,validation_error,pending,,,,,,,,ERR0009
/agents/people/60629,"Bowyer, Robert, 1758-1834",http://id.loc.gov/authorities/names/n83301316,http://n2t.net/ark:/99166/w6mm481w,,,,"['http://viaf.org/viaf/64275866', 'http://www.worldcat.org/wcidentities/lccn-n83301316', 'http://id.loc.gov/authorities/names/n83301316', 'http://en.wikipedia.org/wiki/Robert_Bowyer']",http://viaf.org/viaf/64275866,http://www.worldcat.org/wcidentities/lccn-n83301316,http://id.loc.gov/authorities/names/n83301316,http://en.wikipedia.org/wiki/Robert_Bowyer,,,,,,,,,,pre_update_validation,validation_error,pending,,,,,,,,ERR0010
/agents/people/60775,"Ramsay, Allan, 1713-1784",http://id.loc.gov/authorities/names/n85011073,http://n2t.net/ark:/99166/w6c827d1,,,,"['http://viaf.org/viaf/49266202', 'http://en.wikipedia.org/wiki/Allan_Ramsay_%28artist%29', 'http://www.worldcat.org/wcidentities/lccn-n85011073', 'http://id.loc.gov/authorities/names/n85011073']",http://viaf.org/viaf/49266202,http://en.wikipedia.org/wiki/Allan_Ramsay_%28artist%29,http://www.worldcat.org/wcidentities/lccn-n85011073,http://id.loc.gov/authorities/names/n85011073,,,,,,,,,,pre_update_validation,validation_error,pending,,,,,,,,ERR0011
/agents/people/60806,"Milnes, Richard Monckton, Baron Houghton, 1809-1885",http://id.loc.gov/authorities/names/n83180337,http://n2t.net/ark:/99166/w62n5bbh,,,,"['http://viaf.org/viaf/120711335', 'http://www.worldcat.org/wcidentities/lccn-n83180337', 'http://id.loc.gov/authorities/names/n83180337', 'http://en.wikipedia.org/wiki/Richard_Monckton_Milnes%2C_1st_Baron_Houghton']",http://viaf.org/viaf/120711335,http://www.worldcat.org/wcidentities/lccn-n83180337,http://id.loc.gov/authorities/names/n83180337,http://en.wikipedia.org/wiki/Richard_Monckton_Milnes%2C_1st_Baron_Houghton,,,,,,,,,,pre_update_validation,validation_error,pending,,,,,,,,ERR0012
/agents/people/61114,"Wilbur, George W. (George Willis), 1851-1931",http://id.loc.gov/authorities/names/nr00034123,http://n2t.net/ark:/99166/w6z93gt9,,,,"['http://viaf.org/viaf/17064503', 'http://www.worldcat.org/wcidentities/lccn-nr00034123', 'http://id.loc.gov/authorities/names/nr00034123']",http://viaf.org/viaf/17064503,http://www.worldcat.org/wcidentities/lccn-nr00034123,http://id.loc.gov/authorities/names/nr00034123,,,,,,,,,,,pre_update_validation,validation_error,pending,,,,,,,,ERR0013
/agents/people/61814,"Pratt, Lawrence",http://id.loc.gov/authorities/names/no99020409,http://n2t.net/ark:/99166/w6hh74tq,,,,"['http://viaf.org/viaf/13391929', 'http://www.worldcat.org/wcidentities/lccn-no99020409', 'http://id.loc.gov/authorities/names/no99020409']",http://viaf.org/viaf/13391929,http://www.worldcat.org/wcidentities/lccn-no99020409,http://id.loc.gov/authorities/names/no99020409,,,,,,,,,,,pre_update_validation,validation_error,pending,,,,,,,,ERR0014
/agents/people/65150,"McArdell, James, approximately 1729-1765",http://id.loc.gov/authorities/names/nr2004022014,http://n2t.net/ark:/99166/w6t15mtq,,,,"['http://viaf.org/viaf/91332868', 'http://www.worldcat.org/wcidentities/lccn-nr2004022014', 'http://id.loc.gov/authorities/names/nr2004022014', 'http://en.wikipedia.org/wiki/James_MacArdell']",http://viaf.org/viaf/91332868,http://www.worldcat.org/wcidentities/lccn-nr2004022014,http://id.loc.gov/authorities/names/nr2004022014,http://en.wikipedia.org/wiki/James_MacArdell,,,,,,,,,,pre_update_validation,validation_error,pending,,,,,,,,ERR0015
/agents/people/65753,"Pringle, Aileen, 1895-1989",http://id.loc.gov/authorities/names/n87896343,http://n2t.net/ark:/99166/w6jt08pb,,,,"['http://viaf.org/viaf/38444534', 'http://www.worldcat.org/wcidentities/lccn-n87896343', 'http://id.loc.gov/authorities/names/n87896343', 'http://en.wikipedia.org/wiki/Aileen_Pringle']",http://viaf.org/viaf/38444534,http://www.worldcat.org/wcidentities/lccn-n87896343,http://id.loc.gov/authorities/names/n87896343,http://en.wikipedia.org/wiki/Aileen_Pringle,,,,,,,,,,pre_update_validation,validation_error,pending,,,,,,,,ERR0016
/agents/people/66479,"Hawley, Joseph R. (Joseph Roswell), 1826-1905",http://id.loc.gov/authorities/names/n85207700,http://n2t.net/ark:/99166/w6rx9bcf,,,,"['http://viaf.org/viaf/75296057', 'http://www.worldcat.org/wcidentities/lccn-n85207700', 'http://id.loc.gov/authorities/names/n85207700', 'http://en.wikipedia.org/wiki/Joseph_Roswell_Hawley']",http://viaf.org/viaf/75296057,http://www.worldcat.org/wcidentities/lccn-n85207700,http://id.loc.gov/authorities/names/n85207700,http://en.wikipedia.org/wiki/Joseph_Roswell_Hawley,,,,,,,,,,pre_update_validation,validation_error,pending,,,,,,,,ERR0017
/agents/people/68543,"Wolfson, John",http://id.loc.gov/authorities/names/n83141526,http://n2t.net/ark:/99166/w6b89b24,,,,"['http://viaf.org/viaf/93740930', 'http://www.worldcat.org/wcidentities/lccn-n83141526', 'http://id.loc.gov/authorities/names/n83141526']",http://viaf.org/viaf/93740930,http://www.worldcat.org/wcidentities/lccn-n83141526,http://id.loc.gov/authorities/names/n83141526,,,,,,,,,,,pre_update_validation,validation_error,pending,,,,,,,,ERR0018
/agents/people/68603,"Lely, Peter, 1618-1680",http://id.loc.gov/authorities/names/n85028378,http://n2t.net/ark:/99166/w6gf1v3q,,,,"['http://viaf.org/viaf/47033545', 'http://en.wikipedia.org/wiki/Peter_Lely', 'http://www.worldcat.org/wcidentities/lccn-n85028378', 'http://id.loc.gov/authorities/names/n85028378']",http://viaf.org/viaf/47033545,http://en.wikipedia.org/wiki/Peter_Lely,http://www.worldcat.org/wcidentities/lccn-n85028378,http://id.loc.gov/authorities/names/n85028378,,,,,,,,,,pre_update_validation,validation_error,pending,,,,,,,,ERR0019
/agents/people/69364,"Reed, Thomas B. (Thomas Brackett), 1839-1902",http://id.loc.gov/authorities/names/no89015728,http://n2t.net/ark:/99166/w65x2q5c,,,,"['http://viaf.org/viaf/45151773', 'http://www.worldcat.org/wcidentities/lccn-no89015728', 'http://id.loc.gov/authorities/names/no89015728', 'http://en.wikipedia.org/wiki/Thomas_Brackett_Reed']",http://viaf.org/viaf/45151773,http://www.worldcat.org/wcidentities/lccn-no89015728,http://id.loc.gov/authorities/names/no89015728,http://en.wikipedia.org/wiki/Thomas_Brackett_Reed,,,,,,,,,,pre_update_validation,validation_error,pending,,,,,,,,ERR0020
/agents/people/69511,"Farrar, F. W. (Frederic William), 1831-1903",http://id.loc.gov/authorities/names/n79077389,http://n2t.net/ark:/99166/w6x92vzz,,,,"['http://viaf.org/viaf/72172918', 'http://en.wikipedia.org/wiki/Frederic_Farrar', 'http://www.worldcat.org/wcidentities/lccn-n79077389', 'http://id.loc.gov/authorities/names/n79077389']",http://viaf.org/viaf/72172918,http://en.wikipedia.org/wiki/Frederic_Farrar,http://www.worldcat.org/wcidentities/lccn-n79077389,http://id.loc.gov/authorities/names/n79077389,,,,,,,,,,pre_update_validation,validation_error,pending,,,,,,,,ERR0021
/agents/people/70265,"Savage, Richard, 1846-1903",http://id.loc.gov/authorities/names/n86819306,http://n2t.net/ark:/99166/w66m50d5,,,,"['http://viaf.org/viaf/3613269', 'http://www.worldcat.org/wcidentities/lccn-n86819306', 'http://id.loc.gov/authorities/names/n86819306', 'http://en.wikipedia.org/wiki/Richard_Henry_Savage']",http://viaf.org/viaf/3613269,http://www.worldcat.org/wcidentities/lccn-n86819306,http://id.loc.gov/authorities/names/n86819306,http://en.wikipedia.org/wiki/Richard_Henry_Savage,,,,,,,,,,pre_update_validation,validation_error,pending,,,,,,,,ERR0022
/agents/people/70535,"Shedd, William G. T. (William Greenough Thayer), 1820-1894",http://id.loc.gov/authorities/names/n80070506,http://n2t.net/ark:/99166/w6nc8phj,,,,"['http://viaf.org/viaf/18521965', 'http://www.worldcat.org/wcidentities/lccn-n80070506', 'http://id.loc.gov/authorities/names/n80070506', 'http://en.wikipedia.org/wiki/William_Greenough_Thayer_Shedd']",http://viaf.org/viaf/18521965,http://www.worldcat.org/wcidentities/lccn-n80070506,http://id.loc.gov/authorities/names/n80070506,http://en.wikipedia.org/wiki/William_Greenough_Thayer_Shedd,,,,,,,,,,pre_update_validation,validation_error,pending,,,,,,,,ERR0023
/agents/people/71132,"Peel, Robert, 1788-1850",http://id.loc.gov/authorities/names/n50008764,http://n2t.net/ark:/99166/w60p0xbc,,,,"['http://viaf.org/viaf/64803600', 'http://en.wikipedia.org/wiki/Robert_Peel', 'http://www.worldcat.org/wcidentities/lccn-n50008764', 'http://id.loc.gov/authorities/names/n50008764']",http://viaf.org/viaf/64803600,http://en.wikipedia.org/wiki/Robert_Peel,http://www.worldcat.org/wcidentities/lccn-n50008764,http://id.loc.gov/authorities/names/n50008764,,,,,,,,,,pre_update_validation,validation_error,pending,,,,,,,,ERR0024
/agents/people/72783,"Morton, Helen",http://id.loc.gov/authorities/names/n94010994,http://n2t.net/ark:/99166/w6mj0d71,,,,"['http://viaf.org/viaf/9069101', 'http://www.worldcat.org/wcidentities/lccn-n94-010994', 'http://id.loc.gov/authorities/names/n94010994']",http://viaf.org/viaf/9069101,http://www.worldcat.org/wcidentities/lccn-n94-010994,http://id.loc.gov/authorities/names/n94010994,,,,,,,,,,,pre_update_validation,validation_error,pending,,,,,,,,ERR0025
/agents/people/74371,"Rohde, Werner, 1906-1990",http://id.loc.gov/authorities/names/nr93028739,http://n2t.net/ark:/99166/w6001xw1,,,,"['http://viaf.org/viaf/29803722', 'http://www.worldcat.org/wcidentities/lccn-nr93028739', 'http://id.loc.gov/authorities/names/nr93028739']",http://viaf.org/viaf/29803722,http://www.worldcat.org/wcidentities/lccn-nr93028739,http://id.loc.gov/authorities/names/nr93028739,,,,,,,,,,,pre_update_validation,validation_error,pending,,,,,,,,ERR0026
/agents/people/75425,"Field, David D. (David Dudley), 1781-1867",http://id.loc.gov/authorities/names/n88648798,http://n2t.net/ark:/99166/w60c5729,,,,"['http://viaf.org/viaf/53270589', 'http://en.wikipedia.org/wiki/David_Dudley_Field_I', 'http://www.worldcat.org/wcidentities/lccn-n88648798', 'http://id.loc.gov/authorities/names/n88648798']",http://viaf.org/viaf/53270589,http://en.wikipedia.org/wiki/David_Dudley_Field_I,http://www.worldcat.org/wcidentities/lccn-n88648798,http://id.loc.gov/authorities/names/n88648798,,,,,,,,,,pre_update_validation,validation_error,pending,,,,,,,,ERR0027
/agents/people/75474,"Hare, Augustus J. C. (Augustus John Cuthbert), 1834-1903",http://id.loc.gov/authorities/names/n87840949,http://n2t.net/ark:/99166/w6379cc2,,,,"['http://viaf.org/viaf/5145803', 'http://en.wikipedia.org/wiki/Augustus_Hare', 'http://www.worldcat.org/wcidentities/lccn-n87840949', 'http://id.loc.gov/authorities/names/n87840949']",http://viaf.org/viaf/5145803,http://en.wikipedia.org/wiki/Augustus_Hare,http://www.worldcat.org/wcidentities/lccn-n87840949,http://id.loc.gov/authorities/names/n87840949,,,,,,,,,,pre_update_validation,validation_error,pending,,,,,,,,ERR0028
/agents/people/77318,"Vagts, Alfred, 1892-",http://id.loc.gov/authorities/names/n81028446,http://n2t.net/ark:/99166/w60c546v,,,,"['http://viaf.org/viaf/108932560', 'http://www.worldcat.org/wcidentities/lccn-n81028446', 'http://id.loc.gov/authorities/names/n81028446']",http://viaf.org/viaf/108932560,http://www.worldcat.org/wcidentities/lccn-n81028446,http://id.loc.gov/authorities/names/n81028446,,,,,,,,,,,pre_update_validation,validation_error,pending,,,,,,,,ERR0029
/agents/people/77571,"Lepsius, Richard, 1810-1884",http://id.loc.gov/authorities/names/n81127097,http://n2t.net/ark:/99166/w6wq0q18,,,,"['http://viaf.org/viaf/66554760', 'http://www.worldcat.org/wcidentities/lccn-n81127097', 'http://id.loc.gov/authorities/names/n81127097', 'http://en.wikipedia.org/wiki/Karl_Richard_Lepsius']",http://viaf.org/viaf/66554760,http://www.worldcat.org/wcidentities/lccn-n81127097,http://id.loc.gov/authorities/names/n81127097,http://en.wikipedia.org/wiki/Karl_Richard_Lepsius,,,,,,,,,,pre_update_validation,validation_error,pending,,,,,,,,ERR0030
/agents/people/77682,"Watt, A. P. (Alexander Pollock), 1834-1914",http://id.loc.gov/authorities/names/nr98036602,http://n2t.net/ark:/99166/w6rn3k1t,,,,"['http://viaf.org/viaf/9761287', 'http://www.worldcat.org/wcidentities/lccn-nr98036602', 'http://id.loc.gov/authorities/names/nr98036602']",http://viaf.org/viaf/9761287,http://www.worldcat.org/wcidentities/lccn-nr98036602,http://id.loc.gov/authorities/names/nr98036602,,,,,,,,,,,pre_update_validation,validation_error,pending,,,,,,,,ERR0031
/agents/people/79883,"Lewis, Charlton T. (Charlton Thomas), 1834-1904",http://id.loc.gov/authorities/names/n81145852,http://n2t.net/ark:/99166/w6gr0drk,,,,"['http://viaf.org/viaf/2845558', 'http://en.wikipedia.org/wiki/Charlton_Thomas_Lewis', 'http://www.worldcat.org/wcidentities/lccn-n81145852', 'http://id.loc.gov/authorities/names/n81145852']",http://viaf.org/viaf/2845558,http://en.wikipedia.org/wiki/Charlton_Thomas_Lewis,http://www.worldcat.org/wcidentities/lccn-n81145852,http://id.loc.gov/authorities/names/n81145852,,,,,,,,,,pre_update_validation,validation_error,pending,,,,,,,,ERR0032
/agents/people/81310,"Scott-Maxwell, Florida, 1883-1979",http://id.loc.gov/authorities/names/no98119775,http://n2t.net/ark:/99166/w6bg45w0,,,,"['http://viaf.org/viaf/19304590', 'http://en.wikipedia.org/wiki/Florida_Scott-Maxwell', 'http://www.worldcat.org/wcidentities/lccn-no98119775', 'http://id.loc.gov/authorities/names/no98119775']",http://viaf.org/viaf/19304590,http://en.wikipedia.org/wiki/Florida_Scott-Maxwell,http://www.worldcat.org/wcidentities/lccn-no98119775,http://id.loc.gov/authorities/names/no98119775,,,,,,,,,,pre_update_validation,validation_error,pending,,,,,,,,ERR0033
/agents/people/82249,"Liddon, H. P. (Henry Parry), 1829-1890",http://id.loc.gov/authorities/names/n79103848,http://n2t.net/ark:/99166/w6z61j2g,,,,"['http://viaf.org/viaf/10650398', 'http://en.wikipedia.org/wiki/Henry_Liddon', 'http://www.worldcat.org/wcidentities/lccn-n79103848', 'http://id.loc.gov/authorities/names/n79103848']",http://viaf.org/viaf/10650398,http://en.wikipedia.org/wiki/Henry_Liddon,http://www.worldcat.org/wcidentities/lccn-n79103848,http://id.loc.gov/authorities/names/n79103848,,,,,,,,,,pre_update_validation,validation_error,pending,,,,,,,,ERR0034
/agents/people/83133,"Randolph, John, 1773-1833",http://id.loc.gov/authorities/names/n50053915,http://n2t.net/ark:/99166/w63779t9,,,,"['http://viaf.org/viaf/20476605', 'http://www.worldcat.org/wcidentities/lccn-n50053915', 'http://id.loc.gov/authorities/names/n50053915', 'http://en.wikipedia.org/wiki/John_Randolph_of_Roanoke']",http://viaf.org/viaf/20476605,http://www.worldcat.org/wcidentities/lccn-n50053915,http://id.loc.gov/authorities/names/n50053915,http://en.wikipedia.org/wiki/John_Randolph_of_Roanoke,,,,,,,,,,pre_update_validation,validation_error,pending,,,,,,,,ERR0035
/agents/people/83793,"Galton, Arthur, 1852-1921",http://id.loc.gov/authorities/names/no2002018506,http://n2t.net/ark:/99166/w67h5fcc,,,,"['http://viaf.org/viaf/63671648', 'http://www.worldcat.org/wcidentities/lccn-no2002018506', 'http://id.loc.gov/authorities/names/no2002018506']",http://viaf.org/viaf/63671648,http://www.worldcat.org/wcidentities/lccn-no2002018506,http://id.loc.gov/authorities/names/no2002018506,,,,,,,,,,,pre_update_validation,validation_error,pending,,,,,,,,ERR0036
/agents/people/83876,"Kagan, Paul, 1943-",http://id.loc.gov/authorities/names/n88156057,http://n2t.net/ark:/99166/w6fx7w4c,,,,"['http://viaf.org/viaf/28627106', 'http://www.worldcat.org/wcidentities/lccn-n88156057', 'http://id.loc.gov/authorities/names/n88156057']",http://viaf.org/viaf/28627106,http://www.worldcat.org/wcidentities/lccn-n88156057,http://id.loc.gov/authorities/names/n88156057,,,,,,,,,,,pre_update_validation,validation_error,pending,,,,,,,,ERR0037
/agents/people/84162,"Watson, William, 1858-1925",http://id.loc.gov/authorities/names/n80010197,http://n2t.net/ark:/99166/w66t0vkx,,,,"['http://viaf.org/viaf/125075041', 'http://en.wikipedia.org/wiki/William_Watson_%28botanist%29', 'http://www.worldcat.org/wcidentities/lccn-n80010197', 'http://id.loc.gov/authorities/names/n80010197']",http://viaf.org/viaf/125075041,http://en.wikipedia.org/wiki/William_Watson_%28botanist%29,http://www.worldcat.org/wcidentities/lccn-n80010197,http://id.loc.gov/authorities/names/n80010197,,,,,,,,,,pre_update_validation,validation_error,pending,,,,,,,,ERR0038
/agents/people/85325,"Maule, Harry E. (Harry Edward), 1886-",http://id.loc.gov/authorities/names/n90625859,http://n2t.net/ark:/99166/w62c2sjp,,,,"['http://viaf.org/viaf/117085443', 'http://www.worldcat.org/wcidentities/lccn-n90625859', 'http://id.loc.gov/authorities/names/n90625859']",http://viaf.org/viaf/117085443,http://www.worldcat.org/wcidentities/lccn-n90625859,http://id.loc.gov/authorities/names/n90625859,,,,,,,,,,,pre_update_validation,validation_error,pending,,,,,,,,ERR0039
/agents/people/85369,"Bodenheim, Maxwell, 1893-1954",http://id.loc.gov/authorities/names/n50010054,http://n2t.net/ark:/99166/w6zs3gbv,,,,"['http://viaf.org/viaf/77516039', 'http://www.worldcat.org/wcidentities/lccn-n50010054', 'http://id.loc.gov/authorities/names/n50010054', 'http://en.wikipedia.org/wiki/Maxwell_Bodenheim']",http://viaf.org/viaf/77516039,http://www.worldcat.org/wcidentities/lccn-n50010054,http://id.loc.gov/authorities/names/n50010054,http://en.wikipedia.org/wiki/Maxwell_Bodenheim,,,,,,,,,,pre_update_validation,validation_error,pending,,,,,,,,ERR0040
/agents/people/86194,"Deloria, Vine",http://id.loc.gov/authorities/names/n50039026,http://n2t.net/ark:/99166/w6rv47rj,,,,"['http://viaf.org/viaf/68927892', 'http://www.worldcat.org/wcidentities/lccn-n50039026', 'http://id.loc.gov/authorities/names/n50039026', 'http://en.wikipedia.org/wiki/Vine_Deloria%2C_Jr.']",http://viaf.org/viaf/68927892,http://www.worldcat.org/wcidentities/lccn-n50039026,http://id.loc.gov/authorities/names/n50039026,http://en.wikipedia.org/wiki/Vine_Deloria%2C_Jr.,,,,,,,,,,pre_update_validation,validation_error,pending,,,,,,,,ERR0041
/agents/people/86526,"Leigh, Augusta, 1784-1851",http://id.loc.gov/authorities/names/n80107300,http://n2t.net/ark:/99166/w6q52vks,,,,"['http://viaf.org/viaf/50023771', 'http://en.wikipedia.org/wiki/Augusta_Leigh', 'http://www.worldcat.org/wcidentities/lccn-n80107300', 'http://id.loc.gov/authorities/names/n80107300']",http://viaf.org/viaf/50023771,http://en.wikipedia.org/wiki/Augusta_Leigh,http://www.worldcat.org/wcidentities/lccn-n80107300,http://id.loc.gov/authorities/names/n80107300,,,,,,,,,,pre_update_validation,validation_error,pending,,,,,,,,ERR0042
/agents/people/86796,"Vildrac, Charles, 1882-1971",http://id.loc.gov/authorities/names/n82101499,http://n2t.net/ark:/99166/w62r4bk9,,,,"['http://catalogue.bnf.fr/ark:/12148/cb11928351x/PUBLIC', 'http://viaf.org/viaf/14778026', 'http://www.worldcat.org/wcidentities/lccn-n82101499', 'http://id.loc.gov/authorities/names/n82101499', 'http://en.wikipedia.org/wiki/Charles_Vildrac']",http://catalogue.bnf.fr/ark:/12148/cb11928351x/PUBLIC,http://viaf.org/viaf/14778026,http://www.worldcat.org/wcidentities/lccn-n82101499,http://id.loc.gov/authorities/names/n82101499,http://en.wikipedia.org/wiki/Charles_Vildrac,,,,,,,,,pre_update_validation,validation_error,pending,,,,,,,,ERR0043
/agents/people/87029,"Mehta, Ved, 1934-",http://id.loc.gov/authorities/names/n79066640,http://n2t.net/ark:/99166/w68057x6,,,,"['http://viaf.org/viaf/95152705', 'http://www.worldcat.org/wcidentities/lccn-n79066640', 'http://id.loc.gov/authorities/names/n79066640', 'http://en.wikipedia.org/wiki/Ved_Mehta']",http://viaf.org/viaf/95152705,http://www.worldcat.org/wcidentities/lccn-n79066640,http://id.loc.gov/authorities/names/n79066640,http://en.wikipedia.org/wiki/Ved_Mehta,,,,,,,,,,pre_update_validation,validation_error,pending,,,,,,,,ERR0044
/agents/people/87061,"Lutz, Edwin George, 1868-",http://id.loc.gov/authorities/names/n95002012,http://n2t.net/ark:/99166/w6641wnq,,,,"['http://viaf.org/viaf/32091277', 'http://www.worldcat.org/wcidentities/lccn-n95002012', 'http://id.loc.gov/authorities/names/n95002012']",http://viaf.org/viaf/32091277,http://www.worldcat.org/wcidentities/lccn-n95002012,http://id.loc.gov/authorities/names/n95002012,,,,,,,,,,,pre_update_validation,validation_error,pending,,,,,,,,ERR0045
/agents/people/87810,"Knapton, John, 1696-1770",http://id.loc.gov/authorities/names/nr93010256,http://n2t.net/ark:/99166/w63536nm,,,,"['http://viaf.org/viaf/45105315', 'http://www.worldcat.org/wcidentities/lccn-nr93010256', 'http://id.loc.gov/authorities/names/nr93010256']",http://viaf.org/viaf/45105315,http://www.worldcat.org/wcidentities/lccn-nr93010256,http://id.loc.gov/authorities/names/nr93010256,,,,,,,,,,,pre_update_validation,validation_error,pending,,,,,,,,ERR0046
/agents/people/88076,"Mullins, Helene, 1899-",http://id.loc.gov/authorities/names/n85235634,http://n2t.net/ark:/99166/w62j6qx1,,,,"['http://viaf.org/viaf/48212319', 'http://www.worldcat.org/wcidentities/lccn-n85235634', 'http://id.loc.gov/authorities/names/n85235634']",http://viaf.org/viaf/48212319,http://www.worldcat.org/wcidentities/lccn-n85235634,http://id.loc.gov/authorities/names/n85235634,,,,,,,,,,,pre_update_validation,validation_error,pending,,,,,,,,ERR0047
/agents/people/88619,"Glasgow, Ellen Anderson Gholson, 1873-1945",http://id.loc.gov/authorities/names/n79099365,http://n2t.net/ark:/99166/w6p26x4z,,,,"['http://viaf.org/viaf/69040787', 'http://www.worldcat.org/wcidentities/lccn-n79099365', 'http://id.loc.gov/authorities/names/n79099365', 'http://en.wikipedia.org/wiki/Ellen_Glasgow']",http://viaf.org/viaf/69040787,http://www.worldcat.org/wcidentities/lccn-n79099365,http://id.loc.gov/authorities/names/n79099365,http://en.wikipedia.org/wiki/Ellen_Glasgow,,,,,,,,,,pre_update_validation,validation_error,pending,,,,,,,,ERR0048
/agents/people/88953,"Kunhardt, Philip B., 1951-",http://id.loc.gov/authorities/names/n92033006,http://n2t.net/ark:/99166/w60w23b8,,,,"['http://viaf.org/viaf/69068857', 'http://www.worldcat.org/wcidentities/lccn-n92033006', 'http://id.loc.gov/authorities/names/n92033006']",http://viaf.org/viaf/69068857,http://www.worldcat.org/wcidentities/lccn-n92033006,http://id.loc.gov/authorities/names/n92033006,,,,,,,,,,,pre_update_validation,validation_error,pending,,,,,,,,ERR0049
/agents/people/89395,"Frederick, King of Prussia, II, 1712-1786",http://id.loc.gov/authorities/names/n80056902,http://n2t.net/ark:/99166/w6wh2v6v,,,,"['http://viaf.org/viaf/12303200', 'http://www.worldcat.org/wcidentities/lccn-n80056902', 'http://id.loc.gov/authorities/names/n80056902', 'http://en.wikipedia.org/wiki/Frederick_the_Great']",http://viaf.org/viaf/12303200,http://www.worldcat.org/wcidentities/lccn-n80056902,http://id.loc.gov/authorities/names/n80056902,http://en.wikipedia.org/wiki/Frederick_the_Great,,,,,,,,,,pre_update_validation,validation_error,pending,,,,,,,,ERR0050
/agents/people/89944,"Seward, William H. (William Henry), 1801-1872",http://id.loc.gov/authorities/names/n50001408,http://n2t.net/ark:/99166/w6f47pbn,,,,"['http://id.loc.gov/authorities/names/n50001408', 'https://catalog.archives.gov/id/10581244', 'http://viaf.org/viaf/42616145', 'http://en.wikipedia.org/wiki/William_H._Seward', 'http://www.worldcat.org/wcidentities/lccn-n50001408', 'http://id.loc.gov/authorities/names/n50001408']",http://id.loc.gov/authorities/names/n50001408,https://catalog.archives.gov/id/10581244,http://viaf.org/viaf/42616145,http://en.wikipedia.org/wiki/William_H._Seward,http://www.worldcat.org/wcidentities/lccn-n50001408,http://id.loc.gov/authorities/names/n50001408,,,,,,,,pre_update_validation,validation_error,pending,,,,,,,,ERR0051
/agents/people/90713,"Eaton, James, 1831-1921",http://id.loc.gov/authorities/names/n88120638,http://n2t.net/ark:/99166/w6kn53pr,,,,"['http://viaf.org/viaf/33549705', 'http://www.worldcat.org/wcidentities/lccn-n88-120638', 'http://id.loc.gov/authorities/names/n88120638']",http://viaf.org/viaf/33549705,http://www.worldcat.org/wcidentities/lccn-n88-120638,http://id.loc.gov/authorities/names/n88120638,,,,,,,,,,,pre_update_validation,validation_error,pending,,,,,,,,ERR0052
/agents/people/90981,"Green, Valentine, 1739-1813",http://id.loc.gov/authorities/names/no90017793,http://n2t.net/ark:/99166/w6km0s18,,,,"['http://viaf.org/viaf/12574500', 'http://www.worldcat.org/wcidentities/lccn-no90017793', 'http://id.loc.gov/authorities/names/no90017793', 'http://en.wikipedia.org/wiki/Valentine_Green']",http://viaf.org/viaf/12574500,http://www.worldcat.org/wcidentities/lccn-no90017793,http://id.loc.gov/authorities/names/no90017793,http://en.wikipedia.org/wiki/Valentine_Green,,,,,,,,,,pre_update_validation,validation_error,pending,,,,,,,,ERR0053
/agents/people/91963,"Hadley, James, 1821-1872",http://id.loc.gov/authorities/names/n86847703,http://n2t.net/ark:/99166/w6vx1df2,,,,"['http://viaf.org/viaf/5322166', 'http://en.wikipedia.org/wiki/James_Hadley_%28scholar%29', 'http://www.worldcat.org/wcidentities/lccn-n86847703', 'http://id.loc.gov/authorities/names/n86847703']",http://viaf.org/viaf/5322166,http://en.wikipedia.org/wiki/James_Hadley_%28scholar%29,http://www.worldcat.org/wcidentities/lccn-n86847703,http://id.loc.gov/authorities/names/n86847703,,,,,,,,,,pre_update_validation,validation_error,pending,,,,,,,,ERR0054
/agents/people/93113,"Foster, Catharine Osgood, 1907-",http://id.loc.gov/authorities/names/n50025321,http://n2t.net/ark:/99166/w67t0nsf,,,,"['http://viaf.org/viaf/43080017', 'http://www.worldcat.org/wcidentities/lccn-n50025321', 'http://id.loc.gov/authorities/names/n50025321']",http://viaf.org/viaf/43080017,http://www.worldcat.org/wcidentities/lccn-n50025321,http://id.loc.gov/authorities/names/n50025321,,,,,,,,,,,pre_update_validation,validation_error,pending,,,,,,,,ERR0055
/agents/people/93116,"Nottingham, Daniel Finch, Earl of, 1647-1730",http://id.loc.gov/authorities/names/n85195573,http://n2t.net/ark:/99166/w6r21m5d,,,,"['http://viaf.org/viaf/10658053', 'http://www.worldcat.org/wcidentities/lccn-n85195573', 'http://id.loc.gov/authorities/names/n85195573', 'http://en.wikipedia.org/wiki/Daniel_Finch%2C_2nd_Earl_of_Nottingham']",http://viaf.org/viaf/10658053,http://www.worldcat.org/wcidentities/lccn-n85195573,http://id.loc.gov/authorities/names/n85195573,http://en.wikipedia.org/wiki/Daniel_Finch%2C_2nd_Earl_of_Nottingham,,,,,,,,,,pre_update_validation,validation_error,pending,,,,,,,,ERR0056
/agents/people/38740,"Anderson, Mary E. (Mary Evarts), 1838-1905",http://id.loc.gov/authorities/names/n85821867,http://n2t.net/ark:/99166/w6v26hg1,,,,"['http://viaf.org/viaf/65477159', 'http://www.worldcat.org/wcidentities/lccn-n85-821867', 'http://id.loc.gov/authorities/names/n85821867']",http://viaf.org/viaf/65477159,http://www.worldcat.org/wcidentities/lccn-n85-821867,http://id.loc.gov/authorities/names/n85821867,,,,,,,,,,,pre_update_validation,validation_error,pending,,,,,,,,ERR0057
/agents/people/23485,"Beach, Rex, 1877-1949",http://id.loc.gov/authorities/names/n84804866,http://n2t.net/ark:/99166/w6639vss,,,,"['http://viaf.org/viaf/37122325', 'http://en.wikipedia.org/wiki/Rex_Beach', 'http://www.worldcat.org/wcidentities/lccn-n84804866', 'http://id.loc.gov/authorities/names/n84804866']",http://viaf.org/viaf/37122325,http://en.wikipedia.org/wiki/Rex_Beach,http://www.worldcat.org/wcidentities/lccn-n84804866,http://id.loc.gov/authorities/names/n84804866,,,,,,,,,,pre_update_validation,validation_error,pending,,,,,,,,ERR0058
/agents/people/93424,"Evans, Daniel, 1866-1943",http://id.loc.gov/authorities/names/no2003026110,http://n2t.net/ark:/99166/w6jf90pn,,,,"['http://viaf.org/viaf/31679927', 'http://www.worldcat.org/wcidentities/lccn-no2003026110', 'http://id.loc.gov/authorities/names/no2003026110']",http://viaf.org/viaf/31679927,http://www.worldcat.org/wcidentities/lccn-no2003026110,http://id.loc.gov/authorities/names/no2003026110,,,,,,,,,,,pre_update_validation,validation_error,pending,,,,,,,,ERR0059
/agents/people/85060,"Le Sueur, Eustache, 1616-1655",http://id.loc.gov/authorities/names/n85129176,http://n2t.net/ark:/99166/w6h712j8,,,,"['http://viaf.org/viaf/2663797', 'http://en.wikipedia.org/wiki/Eustache_Le_Sueur', 'http://www.worldcat.org/wcidentities/lccn-n85129176', 'http://id.loc.gov/authorities/names/n85129176']",http://viaf.org/viaf/2663797,http://en.wikipedia.org/wiki/Eustache_Le_Sueur,http://www.worldcat.org/wcidentities/lccn-n85129176,http://id.loc.gov/authorities/names/n85129176,,,,,,,,,,pre_update_validation,validation_error,pending,,,,,,,,ERR0060
/agents/people/68735,"Noṿiḳ, P., 1891-",http://id.loc.gov/authorities/names/n84074782,http://n2t.net/ark:/99166/w6np3965,,,,"['http://viaf.org/viaf/298461804', 'http://www.worldcat.org/wcidentities/lccn-n84074782', 'http://id.loc.gov/authorities/names/n84074782']",http://viaf.org/viaf/298461804,http://www.worldcat.org/wcidentities/lccn-n84074782,http://id.loc.gov/authorities/names/n84074782,,,,,,,,,,,pre_update_validation,validation_error,pending,,,,,,,,ERR0061
/agents/people/55994,"Bernhardt, Melvin",http://id.loc.gov/authorities/names/no2002098754,http://n2t.net/ark:/99166/w6gg3r3k,,,,"['http://viaf.org/viaf/66147095', 'http://www.worldcat.org/wcidentities/lccn-no2002098754', 'http://id.loc.gov/authorities/names/no2002098754', 'http://en.wikipedia.org/wiki/Melvin_Bernhardt']",http://viaf.org/viaf/66147095,http://www.worldcat.org/wcidentities/lccn-no2002098754,http://id.loc.gov/authorities/names/no2002098754,http://en.wikipedia.org/wiki/Melvin_Bernhardt,,,,,,,,,,pre_update_validation,validation_error,pending,,,,,,,,ERR0062
/agents/people/23482,"Bates, Charlotte Fiske, 1838-1916",http://id.loc.gov/authorities/names/no91013534,http://n2t.net/ark:/99166/w64m9g2c,,,,"['http://viaf.org/viaf/11869693', 'http://en.wikipedia.org/wiki/Charlotte_Fiske_Bates', 'http://www.worldcat.org/wcidentities/lccn-no91013534', 'http://id.loc.gov/authorities/names/no91013534']",http://viaf.org/viaf/11869693,http://en.wikipedia.org/wiki/Charlotte_Fiske_Bates,http://www.worldcat.org/wcidentities/lccn-no91013534,http://id.loc.gov/authorities/names/no91013534,,,,,,,,,,pre_update_validation,validation_error,pending,,,,,,,,ERR0063
/agents/people/7829,"Carman, Bliss, 1861-1929",http://id.loc.gov/authorities/names/n50032563,http://n2t.net/ark:/99166/w6gx4c3w,,,,"['http://viaf.org/viaf/29655268', 'http://en.wikipedia.org/wiki/Bliss_Carman', 'http://www.worldcat.org/wcidentities/lccn-n50032563', 'http://id.loc.gov/authorities/names/n50032563']",http://viaf.org/viaf/29655268,http://en.wikipedia.org/wiki/Bliss_Carman,http://www.worldcat.org/wcidentities/lccn-n50032563,http://id.loc.gov/authorities/names/n50032563,,,,,,,,,,pre_update_validation,validation_error,pending,,,,,,,,ERR0064
/agents/people/93253,"Arias-Misson, Alain",http://id.loc.gov/authorities/names/no94019142,http://n2t.net/ark:/99166/w6qs2jb4,,,,"['http://viaf.org/viaf/231018582', 'http://www.worldcat.org/wcidentities/lccn-no94019142', 'http://id.loc.gov/authorities/names/no94019142']",http://viaf.org/viaf/231018582,http://www.worldcat.org/wcidentities/lccn-no94019142,http://id.loc.gov/authorities/names/no94019142,,,,,,,,,,,pre_update_validation,validation_error,pending,,,,,,,,ERR0065
/agents/people/57522,"Alekseeva, Lidii︠a︡, 1909-1989",http://id.loc.gov/authorities/names/n86051194,http://n2t.net/ark:/99166/w6k9581v,,,,"['http://viaf.org/viaf/8255640', 'http://www.worldcat.org/wcidentities/lccn-n86051194', 'http://id.loc.gov/authorities/names/n86051194']",http://viaf.org/viaf/8255640,http://www.worldcat.org/wcidentities/lccn-n86051194,http://id.loc.gov/authorities/names/n86051194,,,,,,,,,,,pre_update_validation,validation_error,pending,,,,,,,,ERR0066
/agents/people/79358,"Pauker, John, 1920-",http://id.loc.gov/authorities/names/n80138171,http://n2t.net/ark:/99166/w60g41z4,,,,"['http://viaf.org/viaf/113352822', 'http://www.worldcat.org/wcidentities/lccn-n80138171', 'http://id.loc.gov/authorities/names/n80138171']",http://viaf.org/viaf/113352822,http://www.worldcat.org/wcidentities/lccn-n80138171,http://id.loc.gov/authorities/names/n80138171,,,,,,,,,,,pre_update_validation,validation_error,pending,,,,,,,,ERR0067
/agents/people/83842,"Rachewiltz, Mary de, 1925-",http://id.loc.gov/authorities/names/n50054907,http://n2t.net/ark:/99166/w6zw22nk,,,,"['http://viaf.org/viaf/22269373', 'http://www.worldcat.org/wcidentities/lccn-n50054907', 'http://id.loc.gov/authorities/names/n50054907']",http://viaf.org/viaf/22269373,http://www.worldcat.org/wcidentities/lccn-n50054907,http://id.loc.gov/authorities/names/n50054907,,,,,,,,,,,pre_update_validation,validation_error,pending,,,,,,,,ERR0068
/agents/people/75087,"Pound, Omar S., 1926-",http://id.loc.gov/authorities/names/n50019584,http://n2t.net/ark:/99166/w6rc7jhf,,,,"['http://viaf.org/viaf/41856451', 'http://en.wikipedia.org/wiki/Omar_Pound', 'http://www.worldcat.org/wcidentities/lccn-n50019584', 'http://id.loc.gov/authorities/names/n50019584']",http://viaf.org/viaf/41856451,http://en.wikipedia.org/wiki/Omar_Pound,http://www.worldcat.org/wcidentities/lccn-n50019584,http://id.loc.gov/authorities/names/n50019584,,,,,,,,,,pre_update_validation,validation_error,pending,,,,,,,,ERR0069
/agents/people/81234,"Lansing, Gerrit, 1928-",http://id.loc.gov/authorities/names/n78014875,http://n2t.net/ark:/99166/w6874rxf,,,,"['http://viaf.org/viaf/48014588', 'http://www.worldcat.org/wcidentities/lccn-n78-014875', 'http://id.loc.gov/authorities/names/n78014875']",http://viaf.org/viaf/48014588,http://www.worldcat.org/wcidentities/lccn-n78-014875,http://id.loc.gov/authorities/names/n78014875,,,,,,,,,,,pre_update_validation,validation_error,pending,,,,,,,,ERR0070
/agents/people/65500,"McClure, Michael, 1932-",http://id.loc.gov/authorities/names/n79032189,http://n2t.net/ark:/99166/w6rv36kh,,,,"['http://viaf.org/viaf/71493269', 'http://www.worldcat.org/wcidentities/lccn-n79032189', 'http://id.loc.gov/authorities/names/n79032189', 'http://en.wikipedia.org/wiki/Michael_McClure']",http://viaf.org/viaf/71493269,http://www.worldcat.org/wcidentities/lccn-n79032189,http://id.loc.gov/authorities/names/n79032189,http://en.wikipedia.org/wiki/Michael_McClure,,,,,,,,,,pre_update_validation,validation_error,pending,,,,,,,,ERR0071
/agents/people/66376,"Plowden, David, 1932-",http://id.loc.gov/authorities/names/n50020147,http://n2t.net/ark:/99166/w68s61hn,,,,"['http://viaf.org/viaf/96154959', 'http://www.worldcat.org/wcidentities/lccn-n50020147', 'http://id.loc.gov/authorities/names/n50020147', 'http://en.wikipedia.org/wiki/David_Plowden']",http://viaf.org/viaf/96154959,http://www.worldcat.org/wcidentities/lccn-n50020147,http://id.loc.gov/authorities/names/n50020147,http://en.wikipedia.org/wiki/David_Plowden,,,,,,,,,,pre_update_validation,validation_error,pending,,,,,,,,ERR0072
/agents/people/77245,"Kleinzahler, August, 1949-",http://id.loc.gov/authorities/names/n77019446,http://n2t.net/ark:/99166/w60h5vnr,,,,"['http://viaf.org/viaf/71419143', 'http://www.worldcat.org/wcidentities/lccn-n77-019446', 'http://id.loc.gov/authorities/names/n77019446', 'http://en.wikipedia.org/wiki/August_Kleinzahler']",http://viaf.org/viaf/71419143,http://www.worldcat.org/wcidentities/lccn-n77-019446,http://id.loc.gov/authorities/names/n77019446,http://en.wikipedia.org/wiki/August_Kleinzahler,,,,,,,,,,pre_update_validation,validation_error,pending,,,,,,,,ERR0073
/agents/people/23453,"Allston, Washington, 1779-1843",http://id.loc.gov/authorities/names/n80010033,http://n2t.net/ark:/99166/w6xw4j09,,,,"['http://viaf.org/viaf/57408203', 'http://www.worldcat.org/wcidentities/lccn-n80010033', 'http://id.loc.gov/authorities/names/n80010033', 'http://en.wikipedia.org/wiki/Washington_Allston']",http://viaf.org/viaf/57408203,http://www.worldcat.org/wcidentities/lccn-n80010033,http://id.loc.gov/authorities/names/n80010033,http://en.wikipedia.org/wiki/Washington_Allston,,,,,,,,,,pre_update_validation,validation_error,pending,,,,,,,,ERR0074
/agents/people/23516,"Blake, John Lauris, 1788-1857",http://id.loc.gov/authorities/names/n85387584,http://n2t.net/ark:/99166/w6st9jdn,,,,"['http://viaf.org/viaf/27472565', 'http://en.wikipedia.org/wiki/John_Lauris_Blake', 'http://www.worldcat.org/wcidentities/lccn-n85387584', 'http://id.loc.gov/authorities/names/n85387584']",http://viaf.org/viaf/27472565,http://en.wikipedia.org/wiki/John_Lauris_Blake,http://www.worldcat.org/wcidentities/lccn-n85387584,http://id.loc.gov/authorities/names/n85387584,,,,,,,,,,pre_update_validation,validation_error,pending,,,,,,,,ERR0075
/agents/people/23530,"Branch, Mary Lydia, 1840-1922",http://id.loc.gov/authorities/names/n88648857,http://n2t.net/ark:/99166/w61v5pqb,,,,"['http://viaf.org/viaf/63127479', 'http://www.worldcat.org/wcidentities/lccn-n88648857', 'http://id.loc.gov/authorities/names/n88648857']",http://viaf.org/viaf/63127479,http://www.worldcat.org/wcidentities/lccn-n88648857,http://id.loc.gov/authorities/names/n88648857,,,,,,,,,,,pre_update_validation,validation_error,pending,,,,,,,,ERR0076
/agents/people/23534,"Brockett, L. P. (Linus Pierpont), 1820-1893",http://id.loc.gov/authorities/names/nr89007188,http://n2t.net/ark:/99166/w6k10gvf,,,,"['http://viaf.org/viaf/21987671', 'http://www.worldcat.org/wcidentities/lccn-nr89007188', 'http://id.loc.gov/authorities/names/nr89007188']",http://viaf.org/viaf/21987671,http://www.worldcat.org/wcidentities/lccn-nr89007188,http://id.loc.gov/authorities/names/nr89007188,,,,,,,,,,,pre_update_validation,validation_error,pending,,,,,,,,ERR0077
/agents/people/23573,"Caldwell, Erskine, 1903-1987",http://id.loc.gov/authorities/names/n78095661,http://n2t.net/ark:/99166/w69t2f58,,,,"['http://viaf.org/viaf/46758305', 'http://en.wikipedia.org/wiki/Erskine_Caldwell', 'http://www.worldcat.org/wcidentities/lccn-n78095661', 'http://id.loc.gov/authorities/names/n78095661']",http://viaf.org/viaf/46758305,http://en.wikipedia.org/wiki/Erskine_Caldwell,http://www.worldcat.org/wcidentities/lccn-n78095661,http://id.loc.gov/authorities/names/n78095661,,,,,,,,,,pre_update_validation,validation_error,pending,,,,,,,,ERR0078
/agents/people/23618,"Cook, Joseph, 1838-1901",http://id.loc.gov/authorities/names/n81067894,http://n2t.net/ark:/99166/w6v41jqc,,,,"['http://viaf.org/viaf/3272244', 'http://en.wikipedia.org/wiki/Josephus_Flavius_Cook', 'http://www.worldcat.org/wcidentities/lccn-n81067894', 'http://id.loc.gov/authorities/names/n81067894']",http://viaf.org/viaf/3272244,http://en.wikipedia.org/wiki/Josephus_Flavius_Cook,http://www.worldcat.org/wcidentities/lccn-n81067894,http://id.loc.gov/authorities/names/n81067894,,,,,,,,,,pre_update_validation,validation_error,pending,,,,,,,,ERR0079
/agents/people/23631,"Cozzens, Frederic S. (Frederic Swartwout), 1818-1869",http://id.loc.gov/authorities/names/nr91006864,http://n2t.net/ark:/99166/w6057whp,,,,"['http://viaf.org/viaf/39229823', 'http://www.worldcat.org/wcidentities/lccn-nr91006864', 'http://id.loc.gov/authorities/names/nr91006864', 'http://en.wikipedia.org/wiki/Frederick_Swartwout_Cozzens']",http://viaf.org/viaf/39229823,http://www.worldcat.org/wcidentities/lccn-nr91006864,http://id.loc.gov/authorities/names/nr91006864,http://en.wikipedia.org/wiki/Frederick_Swartwout_Cozzens,,,,,,,,,,pre_update_validation,validation_error,pending,,,,,,,,ERR0080
/agents/people/23716,"Fay, Theodore S. (Theodore Sedgwick), 1807-1898",http://id.loc.gov/authorities/names/n84160246,http://n2t.net/ark:/99166/w6hm57t7,,,,"['http://viaf.org/viaf/57366511', 'http://en.wikipedia.org/wiki/Theodore_Sedgwick_Fay', 'http://www.worldcat.org/wcidentities/lccn-n84160246', 'http://id.loc.gov/authorities/names/n84160246']",http://viaf.org/viaf/57366511,http://en.wikipedia.org/wiki/Theodore_Sedgwick_Fay,http://www.worldcat.org/wcidentities/lccn-n84160246,http://id.loc.gov/authorities/names/n84160246,,,,,,,,,,pre_update_validation,validation_error,pending,,,,,,,,ERR0081
/agents/people/5539,"Browne, Martha Griffith, 1828-1906",http://id.loc.gov/authorities/names/n90630137,http://n2t.net/ark:/99166/w6rj68s2,,,,"['http://viaf.org/viaf/55768546', 'http://www.worldcat.org/wcidentities/lccn-n90630137', 'http://id.loc.gov/authorities/names/n90630137']",http://viaf.org/viaf/55768546,http://www.worldcat.org/wcidentities/lccn-n90630137,http://id.loc.gov/authorities/names/n90630137,,,,,,,,,,,pre_update_validation,validation_error,pending,,,,,,,,ERR0082
/agents/people/7507,"Aldrich, Thomas Bailey, 1836-1907",http://id.loc.gov/authorities/names/n50037325,http://n2t.net/ark:/99166/w6kh0p10,,,,"['http://viaf.org/viaf/67259007', 'http://www.worldcat.org/wcidentities/lccn-n50037325', 'http://id.loc.gov/authorities/names/n50037325', 'http://en.wikipedia.org/wiki/Thomas_Bailey_Aldrich']",http://viaf.org/viaf/67259007,http://www.worldcat.org/wcidentities/lccn-n50037325,http://id.loc.gov/authorities/names/n50037325,http://en.wikipedia.org/wiki/Thomas_Bailey_Aldrich,,,,,,,,,,pre_update_validation,validation_error,pending,,,,,,,,ERR0083
/agents/people/8572,"Allibone, S. Austin (Samuel Austin), 1816-1889",http://id.loc.gov/authorities/names/n50022995,http://n2t.net/ark:/99166/w6vd7062,,,,"['http://viaf.org/viaf/66618905', 'http://www.worldcat.org/wcidentities/lccn-n50022995', 'http://id.loc.gov/authorities/names/n50022995', 'http://en.wikipedia.org/wiki/Samuel_Austin_Allibone']",http://viaf.org/viaf/66618905,http://www.worldcat.org/wcidentities/lccn-n50022995,http://id.loc.gov/authorities/names/n50022995,http://en.wikipedia.org/wiki/Samuel_Austin_Allibone,,,,,,,,,,pre_update_validation,validation_error,pending,,,,,,,,ERR0084
/agents/people/8888,"Brooks, Charles T. (Charles Timothy), 1813-1853",http://id.loc.gov/authorities/names/n82102528,http://n2t.net/ark:/99166/w6n0197z,,,,"['http://viaf.org/viaf/88087416', 'http://en.wikipedia.org/wiki/Charles_Timothy_Brooks', 'http://www.worldcat.org/wcidentities/lccn-n82102528', 'http://id.loc.gov/authorities/names/n82102528']",http://viaf.org/viaf/88087416,http://en.wikipedia.org/wiki/Charles_Timothy_Brooks,http://www.worldcat.org/wcidentities/lccn-n82102528,http://id.loc.gov/authorities/names/n82102528,,,,,,,,,,pre_update_validation,validation_error,pending,,,,,,,,ERR0085
/agents/people/94686,"Foucault, Michael, 1926-1984",http://id.loc.gov/authorities/names/n79065356,http://n2t.net/ark:/99166/w67h5dqf,,,,"['http://viaf.org/viaf/104722665', 'http://www.worldcat.org/wcidentities/lccn-n79065356', 'http://id.loc.gov/authorities/names/n79065356', 'http://en.wikipedia.org/wiki/Michel_Foucault']",http://viaf.org/viaf/104722665,http://www.worldcat.org/wcidentities/lccn-n79065356,http://id.loc.gov/authorities/names/n79065356,http://en.wikipedia.org/wiki/Michel_Foucault,,,,,,,,,,pre_update_validation,validation_error,pending,,,,,,,,ERR0086
/agents/people/56477,"Saint-Georges, Henri, 1799-1875",http://id.loc.gov/authorities/names/n81048042,http://n2t.net/ark:/99166/w6474c67,,,,"['http://viaf.org/viaf/87736046', 'http://en.wikipedia.org/wiki/Jules-Henri_Vernoy_de_Saint-Georges', 'http://www.worldcat.org/wcidentities/lccn-n81048042', 'http://id.loc.gov/authorities/names/n81048042']",http://viaf.org/viaf/87736046,http://en.wikipedia.org/wiki/Jules-Henri_Vernoy_de_Saint-Georges,http://www.worldcat.org/wcidentities/lccn-n81048042,http://id.loc.gov/authorities/names/n81048042,,,,,,,,,,pre_update_validation,validation_error,pending,,,,,,,,ERR0087
/agents/people/57840,"Holland, J. G. (Josiah Gilbert), 1819-1881",http://id.loc.gov/authorities/names/n85035960,http://n2t.net/ark:/99166/w6dj5xzp,,,,"['http://viaf.org/viaf/8255348', 'http://en.wikipedia.org/wiki/Josiah_Gilbert_Holland', 'http://www.worldcat.org/wcidentities/lccn-n85035960', 'http://id.loc.gov/authorities/names/n85035960']",http://viaf.org/viaf/8255348,http://en.wikipedia.org/wiki/Josiah_Gilbert_Holland,http://www.worldcat.org/wcidentities/lccn-n85035960,http://id.loc.gov/authorities/names/n85035960,,,,,,,,,,pre_update_validation,validation_error,pending,,,,,,,,ERR0088
/agents/people/62289,"Kunert, Günter, 1929-",http://id.loc.gov/authorities/names/n50045781,http://n2t.net/ark:/99166/w68w55jd,,,,"['http://viaf.org/viaf/160767017', 'http://en.wikipedia.org/wiki/G%C3%BCnter_Kunert', 'http://www.worldcat.org/wcidentities/lccn-n50045781', 'http://id.loc.gov/authorities/names/n50045781']",http://viaf.org/viaf/160767017,http://en.wikipedia.org/wiki/G%C3%BCnter_Kunert,http://www.worldcat.org/wcidentities/lccn-n50045781,http://id.loc.gov/authorities/names/n50045781,,,,,,,,,,pre_update_validation,validation_error,pending,,,,,,,,ERR0089
/agents/people/62507,"Lethem, Jonathan, 1964-",http://id.loc.gov/authorities/names/n93046269,http://n2t.net/ark:/99166/w6vh67v4,,,,"['http://viaf.org/viaf/56745677', 'http://www.worldcat.org/wcidentities/lccn-n93046269', 'http://id.loc.gov/authorities/names/n93046269', 'http://en.wikipedia.org/wiki/Jonathan_Lethem']",http://viaf.org/viaf/56745677,http://www.worldcat.org/wcidentities/lccn-n93046269,http://id.loc.gov/authorities/names/n93046269,http://en.wikipedia.org/wiki/Jonathan_Lethem,,,,,,,,,,pre_update_validation,validation_error,pending,,,,,,,,ERR0090
/agents/people/63003,"Winks, Robin W., 1930-",http://id.loc.gov/authorities/names/n78079527,http://n2t.net/ark:/99166/w6m339t2,,,,"['http://viaf.org/viaf/66483584', 'http://en.wikipedia.org/wiki/Robin_Winks', 'http://www.worldcat.org/wcidentities/lccn-n78079527', 'http://id.loc.gov/authorities/names/n78079527']",http://viaf.org/viaf/66483584,http://en.wikipedia.org/wiki/Robin_Winks,http://www.worldcat.org/wcidentities/lccn-n78079527,http://id.loc.gov/authorities/names/n78079527,,,,,,,,,,pre_update_validation,validation_error,pending,,,,,,,,ERR0091
/agents/people/63351,"Quinn, Mary Bernetta, 1915-",http://id.loc.gov/authorities/names/n80133129,http://n2t.net/ark:/99166/w6jh42vh,,,,"['http://viaf.org/viaf/11154749', 'http://www.worldcat.org/wcidentities/lccn-n80133129', 'http://id.loc.gov/authorities/names/n80133129']",http://viaf.org/viaf/11154749,http://www.worldcat.org/wcidentities/lccn-n80133129,http://id.loc.gov/authorities/names/n80133129,,,,,,,,,,,pre_update_validation,validation_error,pending,,,,,,,,ERR0092
/agents/people/63910,"Boieldieu, A. (Adrien), 1775-1834",http://id.loc.gov/authorities/names/n81015517,http://n2t.net/ark:/99166/w6gm85h6,,,,"['http://viaf.org/viaf/73962796', 'http://www.worldcat.org/wcidentities/lccn-n81015517', 'http://id.loc.gov/authorities/names/n81015517', 'http://en.wikipedia.org/wiki/Fran%C3%A7ois-Adrien_Boieldieu']",http://viaf.org/viaf/73962796,http://www.worldcat.org/wcidentities/lccn-n81015517,http://id.loc.gov/authorities/names/n81015517,http://en.wikipedia.org/wiki/Fran%C3%A7ois-Adrien_Boieldieu,,,,,,,,,,pre_update_validation,validation_error,pending,,,,,,,,ERR0093
/agents/people/64211,"Ellis, Henry, 1777-1869",http://id.loc.gov/authorities/names/n50011810,http://n2t.net/ark:/99166/w65m64jp,,,,"['http://viaf.org/viaf/27181148', 'http://en.wikipedia.org/wiki/Henry_Ellis_%28librarian%29', 'http://www.worldcat.org/wcidentities/lccn-n50011810', 'http://id.loc.gov/authorities/names/n50011810']",http://viaf.org/viaf/27181148,http://en.wikipedia.org/wiki/Henry_Ellis_%28librarian%29,http://www.worldcat.org/wcidentities/lccn-n50011810,http://id.loc.gov/authorities/names/n50011810,,,,,,,,,,pre_update_validation,validation_error,pending,,,,,,,,ERR0094
/agents/people/64564,"Soupault, Philippe, 1897-1990",http://id.loc.gov/authorities/names/n50014151,http://n2t.net/ark:/99166/w6np2wj9,,,,"['http://viaf.org/viaf/109453511', 'http://www.worldcat.org/wcidentities/lccn-n50014151', 'http://id.loc.gov/authorities/names/n50014151', 'http://en.wikipedia.org/wiki/Philippe_Soupault']",http://viaf.org/viaf/109453511,http://www.worldcat.org/wcidentities/lccn-n50014151,http://id.loc.gov/authorities/names/n50014151,http://en.wikipedia.org/wiki/Philippe_Soupault,,,,,,,,,,pre_update_validation,validation_error,pending,,,,,,,,ERR0095
/agents/people/65053,"Phillips, R., Sir (Richard), 1767-1840",http://id.loc.gov/authorities/names/n84806397,http://n2t.net/ark:/99166/w6903pnj,,,,"['http://viaf.org/viaf/37243190', 'http://en.wikipedia.org/wiki/Sir_Richard_Phillips', 'http://www.worldcat.org/wcidentities/lccn-n84806397', 'http://id.loc.gov/authorities/names/n84806397']",http://viaf.org/viaf/37243190,http://en.wikipedia.org/wiki/Sir_Richard_Phillips,http://www.worldcat.org/wcidentities/lccn-n84806397,http://id.loc.gov/authorities/names/n84806397,,,,,,,,,,pre_update_validation,validation_error,pending,,,,,,,,ERR0096
/agents/people/66546,"Carson, Rachel, 1907-1964",http://id.loc.gov/authorities/names/n50035129,http://n2t.net/ark:/99166/w6v126zq,,,,"['http://viaf.org/viaf/4927694', 'http://www.worldcat.org/wcidentities/lccn-n50035129', 'http://id.loc.gov/authorities/names/n50035129', 'http://en.wikipedia.org/wiki/Rachel_Carson']",http://viaf.org/viaf/4927694,http://www.worldcat.org/wcidentities/lccn-n50035129,http://id.loc.gov/authorities/names/n50035129,http://en.wikipedia.org/wiki/Rachel_Carson,,,,,,,,,,pre_update_validation,validation_error,pending,,,,,,,,ERR0097
/agents/people/67362,"Torberg, Friedrich, 1908-1979",http://id.loc.gov/authorities/names/n81055314,http://n2t.net/ark:/99166/w6nv9m97,,,,"['http://viaf.org/viaf/39391045', 'http://www.worldcat.org/wcidentities/lccn-n81055314', 'http://id.loc.gov/authorities/names/n81055314', 'http://en.wikipedia.org/wiki/Friedrich_Torberg']",http://viaf.org/viaf/39391045,http://www.worldcat.org/wcidentities/lccn-n81055314,http://id.loc.gov/authorities/names/n81055314,http://en.wikipedia.org/wiki/Friedrich_Torberg,,,,,,,,,,pre_update_validation,validation_error,pending,,,,,,,,ERR0098
/agents/people/68637,"Fizdale, Robert, 1920-1995",http://id.loc.gov/authorities/names/n79103685,http://n2t.net/ark:/99166/w68g8z50,,,,"['http://viaf.org/viaf/29717877', 'http://www.worldcat.org/wcidentities/lccn-n79103685', 'http://id.loc.gov/authorities/names/n79103685']",http://viaf.org/viaf/29717877,http://www.worldcat.org/wcidentities/lccn-n79103685,http://id.loc.gov/authorities/names/n79103685,,,,,,,,,,,pre_update_validation,validation_error,pending,,,,,,,,ERR0099
/agents/people/72175,"Houbraken, Jacobus, 1698-1780",http://id.loc.gov/authorities/names/no2005063124,http://n2t.net/ark:/99166/w69s4489,,,,"['http://viaf.org/viaf/7659158', 'http://en.wikipedia.org/wiki/Jacobus_Houbraken', 'http://www.worldcat.org/wcidentities/lccn-no2005063124', 'http://id.loc.gov/authorities/names/no2005063124']",http://viaf.org/viaf/7659158,http://en.wikipedia.org/wiki/Jacobus_Houbraken,http://www.worldcat.org/wcidentities/lccn-no2005063124,http://id.loc.gov/authorities/names/no2005063124,,,,,,,,,,pre_update_validation,validation_error,pending,,,,,,,,ERR0100
/agents/people/73349,"Guizot, François, 1787-1874",http://id.loc.gov/authorities/names/n50057779,http://n2t.net/ark:/99166/w6mh1xc2,,,,"['http://viaf.org/viaf/29600143', 'http://en.wikipedia.org/wiki/Fran%C3%A7ois_Guizot', 'http://www.worldcat.org/wcidentities/lccn-n50057779', 'http://id.loc.gov/authorities/names/n50057779']",http://viaf.org/viaf/29600143,http://en.wikipedia.org/wiki/Fran%C3%A7ois_Guizot,http://www.worldcat.org/wcidentities/lccn-n50057779,http://id.loc.gov/authorities/names/n50057779,,,,,,,,,,pre_update_validation,validation_error,pending,,,,,,,,ERR0101
/agents/people/73542,"Foote, H. W. (Harry Ward), 1875-1942",http://id.loc.gov/authorities/names/no2011069441,http://n2t.net/ark:/99166/w6x646kw,,,,"['http://viaf.org/viaf/51681253', 'http://www.worldcat.org/wcidentities/lccn-no2011069441', 'http://id.loc.gov/authorities/names/no2011069441']",http://viaf.org/viaf/51681253,http://www.worldcat.org/wcidentities/lccn-no2011069441,http://id.loc.gov/authorities/names/no2011069441,,,,,,,,,,,pre_update_validation,validation_error,pending,,,,,,,,ERR0102
/agents/people/73738,"Howitt, Mary (Mary Botham), 1799-1888",http://id.loc.gov/authorities/names/n50029222,http://n2t.net/ark:/99166/w6bv7jv1,,,,"['http://viaf.org/viaf/42648131', 'http://en.wikipedia.org/wiki/Mary_Howitt', 'http://www.worldcat.org/wcidentities/lccn-n50029222', 'http://id.loc.gov/authorities/names/n50029222']",http://viaf.org/viaf/42648131,http://en.wikipedia.org/wiki/Mary_Howitt,http://www.worldcat.org/wcidentities/lccn-n50029222,http://id.loc.gov/authorities/names/n50029222,,,,,,,,,,pre_update_validation,validation_error,pending,,,,,,,,ERR0103
/agents/people/73878,"Parks, Stephen, 1940-",http://id.loc.gov/authorities/names/n84021901,http://n2t.net/ark:/99166/w6303w7s,,,,"['http://viaf.org/viaf/49271722', 'http://www.worldcat.org/wcidentities/lccn-n84-021901', 'http://id.loc.gov/authorities/names/n84021901']",http://viaf.org/viaf/49271722,http://www.worldcat.org/wcidentities/lccn-n84-021901,http://id.loc.gov/authorities/names/n84021901,,,,,,,,,,,pre_update_validation,validation_error,pending,,,,,,,,ERR0104
/agents/people/74093,"Toynbee, Arnold, 1889-1975",http://id.loc.gov/authorities/names/n79071401,http://n2t.net/ark:/99166/w6w66tzq,,,,"['http://viaf.org/viaf/54154945', 'http://en.wikipedia.org/wiki/Arnold_J._Toynbee', 'http://www.worldcat.org/wcidentities/lccn-n79071401', 'http://id.loc.gov/authorities/names/n79071401']",http://viaf.org/viaf/54154945,http://en.wikipedia.org/wiki/Arnold_J._Toynbee,http://www.worldcat.org/wcidentities/lccn-n79071401,http://id.loc.gov/authorities/names/n79071401,,,,,,,,,,pre_update_validation,validation_error,pending,,,,,,,,ERR0105
/agents/people/74655,"Cass, Lewis, 1782-1866",http://id.loc.gov/authorities/names/n50034113,http://n2t.net/ark:/99166/w6w37th7,,,,"['http://id.loc.gov/authorities/names/n50034113', 'https://catalog.archives.gov/id/10582952', 'http://viaf.org/viaf/74646968', 'http://en.wikipedia.org/wiki/Lewis_Cass', 'http://www.worldcat.org/wcidentities/lccn-n50034113', 'http://id.loc.gov/authorities/names/n50034113']",http://id.loc.gov/authorities/names/n50034113,https://catalog.archives.gov/id/10582952,http://viaf.org/viaf/74646968,http://en.wikipedia.org/wiki/Lewis_Cass,http://www.worldcat.org/wcidentities/lccn-n50034113,http://id.loc.gov/authorities/names/n50034113,,,,,,,,pre_update_validation,validation_error,pending,,,,,,,,ERR0106
/agents/people/75541,"Walpole, Hugh, 1884-1941",http://id.loc.gov/authorities/names/n79151207,http://n2t.net/ark:/99166/w6pn96mj,,,,"['http://viaf.org/viaf/76523409', 'http://www.worldcat.org/wcidentities/lccn-n79151207', 'http://id.loc.gov/authorities/names/n79151207', 'http://en.wikipedia.org/wiki/Hugh_Walpole']",http://viaf.org/viaf/76523409,http://www.worldcat.org/wcidentities/lccn-n79151207,http://id.loc.gov/authorities/names/n79151207,http://en.wikipedia.org/wiki/Hugh_Walpole,,,,,,,,,,pre_update_validation,validation_error,pending,,,,,,,,ERR0107
/agents/people/76264,"Simpson, Louis, 1923-2012",http://id.loc.gov/authorities/names/n50023694,http://n2t.net/ark:/99166/w60012zk,,,,"['http://viaf.org/viaf/7509913', 'http://www.worldcat.org/wcidentities/lccn-n50023694', 'http://id.loc.gov/authorities/names/n50023694', 'http://en.wikipedia.org/wiki/Louis_Simpson']",http://viaf.org/viaf/7509913,http://www.worldcat.org/wcidentities/lccn-n50023694,http://id.loc.gov/authorities/names/n50023694,http://en.wikipedia.org/wiki/Louis_Simpson,,,,,,,,,,pre_update_validation,validation_error,pending,,,,,,,,ERR0108
/agents/people/78154,"Smith, Charlotte, 1749-1806",http://id.loc.gov/authorities/names/n80016993,http://n2t.net/ark:/99166/w6t157mg,,,,"['http://viaf.org/viaf/39513727', 'http://en.wikipedia.org/wiki/Charlotte_Turner_Smith', 'http://www.worldcat.org/wcidentities/lccn-n80016993', 'http://id.loc.gov/authorities/names/n80016993']",http://viaf.org/viaf/39513727,http://en.wikipedia.org/wiki/Charlotte_Turner_Smith,http://www.worldcat.org/wcidentities/lccn-n80016993,http://id.loc.gov/authorities/names/n80016993,,,,,,,,,,pre_update_validation,validation_error,pending,,,,,,,,ERR0109
/agents/people/78646,"Keynes, Geoffrey, 1887-1982",http://id.loc.gov/authorities/names/n80063344,http://n2t.net/ark:/99166/w6q24g8x,,,,"['http://viaf.org/viaf/68944675', 'http://www.worldcat.org/wcidentities/lccn-n80063344', 'http://id.loc.gov/authorities/names/n80063344', 'http://en.wikipedia.org/wiki/Geoffrey_Keynes']",http://viaf.org/viaf/68944675,http://www.worldcat.org/wcidentities/lccn-n80063344,http://id.loc.gov/authorities/names/n80063344,http://en.wikipedia.org/wiki/Geoffrey_Keynes,,,,,,,,,,pre_update_validation,validation_error,pending,,,,,,,,ERR0110
/agents/people/78978,"Ludwig, King of Bavaria, II, 1845-1886",http://id.loc.gov/authorities/names/n80149571,http://n2t.net/ark:/99166/w6862ttt,,,,"['http://viaf.org/viaf/64799557', 'http://www.worldcat.org/wcidentities/lccn-n80149571', 'http://id.loc.gov/authorities/names/n80149571']",http://viaf.org/viaf/64799557,http://www.worldcat.org/wcidentities/lccn-n80149571,http://id.loc.gov/authorities/names/n80149571,,,,,,,,,,,pre_update_validation,validation_error,pending,,,,,,,,ERR0111
/agents/people/79422,"Livermore, Mary A. (Mary Ashton), 1820-1905",http://id.loc.gov/authorities/names/n50050175,http://n2t.net/ark:/99166/w63z8wwv,,,,"['http://viaf.org/viaf/20833470', 'http://www.worldcat.org/wcidentities/lccn-n50050175', 'http://id.loc.gov/authorities/names/n50050175', 'http://www.wikidata.org/entity/Q6780099']",http://viaf.org/viaf/20833470,http://www.worldcat.org/wcidentities/lccn-n50050175,http://id.loc.gov/authorities/names/n50050175,http://www.wikidata.org/entity/Q6780099,,,,,,,,,,pre_update_validation,validation_error,pending,,,,,,,,ERR0112
/agents/people/81180,"Jebb, R. C. (Richard Claverhouse), 1841-1905",http://id.loc.gov/authorities/names/n50039216,http://n2t.net/ark:/99166/w6jq2h74,,,,"['http://viaf.org/viaf/2603144', 'http://www.worldcat.org/wcidentities/lccn-n50039216', 'http://id.loc.gov/authorities/names/n50039216', 'http://en.wikipedia.org/wiki/Richard_Claverhouse_Jebb']",http://viaf.org/viaf/2603144,http://www.worldcat.org/wcidentities/lccn-n50039216,http://id.loc.gov/authorities/names/n50039216,http://en.wikipedia.org/wiki/Richard_Claverhouse_Jebb,,,,,,,,,,pre_update_validation,validation_error,pending,,,,,,,,ERR0113
/agents/people/82318,"Komunyakaa, Yusef, 1947-",http://id.loc.gov/authorities/names/n82203462,http://n2t.net/ark:/99166/w6h17k66,,,,"['http://viaf.org/viaf/32006129', 'http://www.worldcat.org/wcidentities/lccn-n82203462', 'http://id.loc.gov/authorities/names/n82203462', 'http://en.wikipedia.org/wiki/Yusef_Komunyakaa']",http://viaf.org/viaf/32006129,http://www.worldcat.org/wcidentities/lccn-n82203462,http://id.loc.gov/authorities/names/n82203462,http://en.wikipedia.org/wiki/Yusef_Komunyakaa,,,,,,,,,,pre_update_validation,validation_error,pending,,,,,,,,ERR0114
/agents/people/82695,"Spoerri, Daniel, 1930-",http://id.loc.gov/authorities/names/n82000968,http://n2t.net/ark:/99166/w6gt5tns,,,,"['http://viaf.org/viaf/95873909', 'http://www.worldcat.org/wcidentities/lccn-n82000968', 'http://id.loc.gov/authorities/names/n82000968', 'http://en.wikipedia.org/wiki/Daniel_Spoerri']",http://viaf.org/viaf/95873909,http://www.worldcat.org/wcidentities/lccn-n82000968,http://id.loc.gov/authorities/names/n82000968,http://en.wikipedia.org/wiki/Daniel_Spoerri,,,,,,,,,,pre_update_validation,validation_error,pending,,,,,,,,ERR0115
/agents/people/86714,"Lamar, Howard Roberts, 1923-",http://id.loc.gov/authorities/names/n81032807,http://n2t.net/ark:/99166/w6wq0kc3,,,,"['http://viaf.org/viaf/84583311', 'http://www.worldcat.org/wcidentities/lccn-n81032807', 'http://id.loc.gov/authorities/names/n81032807', 'http://en.wikipedia.org/wiki/Howard_R._Lamar']",http://viaf.org/viaf/84583311,http://www.worldcat.org/wcidentities/lccn-n81032807,http://id.loc.gov/authorities/names/n81032807,http://en.wikipedia.org/wiki/Howard_R._Lamar,,,,,,,,,,pre_update_validation,validation_error,pending,,,,,,,,ERR0116
/agents/people/86961,"McClatchy, J. D., 1945-",http://id.loc.gov/authorities/names/n77011314,http://n2t.net/ark:/99166/w6jw98rb,,,,"['http://viaf.org/viaf/98044618', 'http://www.worldcat.org/wcidentities/lccn-n77011314', 'http://id.loc.gov/authorities/names/n77011314', 'http://en.wikipedia.org/wiki/J._D._McClatchy']",http://viaf.org/viaf/98044618,http://www.worldcat.org/wcidentities/lccn-n77011314,http://id.loc.gov/authorities/names/n77011314,http://en.wikipedia.org/wiki/J._D._McClatchy,,,,,,,,,,pre_update_validation,validation_error,pending,,,,,,,,ERR0117
/agents/people/87802,"Finley, John H. (John Huston), 1863-1940",http://id.loc.gov/authorities/names/n88059291,http://n2t.net/ark:/99166/w6930v1f,,,,"['http://viaf.org/viaf/65067509', 'http://www.worldcat.org/wcidentities/lccn-n88059291', 'http://id.loc.gov/authorities/names/n88059291', 'http://en.wikipedia.org/wiki/John_Huston_Finley']",http://viaf.org/viaf/65067509,http://www.worldcat.org/wcidentities/lccn-n88059291,http://id.loc.gov/authorities/names/n88059291,http://en.wikipedia.org/wiki/John_Huston_Finley,,,,,,,,,,pre_update_validation,validation_error,pending,,,,,,,,ERR0118
/agents/people/88529,"Nugent, Bruce, 1906-1987",http://id.loc.gov/authorities/names/nr93048468,http://n2t.net/ark:/99166/w6806tfb,,,,"['http://viaf.org/viaf/7269164', 'http://www.worldcat.org/wcidentities/lccn-nr93048468', 'http://id.loc.gov/authorities/names/nr93048468', 'http://en.wikipedia.org/wiki/Richard_Bruce_Nugent']",http://viaf.org/viaf/7269164,http://www.worldcat.org/wcidentities/lccn-nr93048468,http://id.loc.gov/authorities/names/nr93048468,http://en.wikipedia.org/wiki/Richard_Bruce_Nugent,,,,,,,,,,pre_update_validation,validation_error,pending,,,,,,,,ERR0119
/agents/people/88601,"Sitwell, Edith, 1887-1964",http://id.loc.gov/authorities/names/n79018072,http://n2t.net/ark:/99166/w6ks6v5w,,,,"['http://viaf.org/viaf/29549983', 'http://www.worldcat.org/wcidentities/lccn-n79018072', 'http://id.loc.gov/authorities/names/n79018072', 'http://en.wikipedia.org/wiki/Edith_Sitwell']",http://viaf.org/viaf/29549983,http://www.worldcat.org/wcidentities/lccn-n79018072,http://id.loc.gov/authorities/names/n79018072,http://en.wikipedia.org/wiki/Edith_Sitwell,,,,,,,,,,pre_update_validation,validation_error,pending,,,,,,,,ERR0120
/agents/people/89088,"Garibaldi, Giuseppe, 1807-1882",http://id.loc.gov/authorities/names/n79021124,http://n2t.net/ark:/99166/w6qf8zf8,,,,"['http://viaf.org/viaf/100192194', 'http://www.worldcat.org/wcidentities/lccn-n79021124', 'http://id.loc.gov/authorities/names/n79021124', 'http://en.wikipedia.org/wiki/Giuseppe_Garibaldi']",http://viaf.org/viaf/100192194,http://www.worldcat.org/wcidentities/lccn-n79021124,http://id.loc.gov/authorities/names/n79021124,http://en.wikipedia.org/wiki/Giuseppe_Garibaldi,,,,,,,,,,pre_update_validation,validation_error,pending,,,,,,,,ERR0121
/agents/people/89569,"Marinetti, F. T., 1876-1944",http://id.loc.gov/authorities/names/n79063253,http://n2t.net/ark:/99166/w683426c,,,,"['http://viaf.org/viaf/4933263', 'http://www.worldcat.org/wcidentities/lccn-n79063253', 'http://id.loc.gov/authorities/names/n79063253', 'http://en.wikipedia.org/wiki/Filippo_Tommaso_Marinetti']",http://viaf.org/viaf/4933263,http://www.worldcat.org/wcidentities/lccn-n79063253,http://id.loc.gov/authorities/names/n79063253,http://en.wikipedia.org/wiki/Filippo_Tommaso_Marinetti,,,,,,,,,,pre_update_validation,validation_error,pending,,,,,,,,ERR0122
/agents/people/90694,"Massie, Robert K., 1929-",http://id.loc.gov/authorities/names/n80050946,http://n2t.net/ark:/99166/w62z36n7,,,,"['http://viaf.org/viaf/19866167', 'http://en.wikipedia.org/wiki/Robert_K._Massie', 'http://www.worldcat.org/wcidentities/lccn-n80050946', 'http://id.loc.gov/authorities/names/n80050946']",http://viaf.org/viaf/19866167,http://en.wikipedia.org/wiki/Robert_K._Massie,http://www.worldcat.org/wcidentities/lccn-n80050946,http://id.loc.gov/authorities/names/n80050946,,,,,,,,,,pre_update_validation,validation_error,pending,,,,,,,,ERR0123
/agents/people/91054,"Phillips, Caryl, 1958-",http://id.loc.gov/authorities/names/n84145711,http://n2t.net/ark:/99166/w6740vcn,,,,"['http://viaf.org/viaf/61589936', 'http://www.worldcat.org/wcidentities/lccn-n84145711', 'http://id.loc.gov/authorities/names/n84145711', 'http://en.wikipedia.org/wiki/Caryl_Phillips']",http://viaf.org/viaf/61589936,http://www.worldcat.org/wcidentities/lccn-n84145711,http://id.loc.gov/authorities/names/n84145711,http://en.wikipedia.org/wiki/Caryl_Phillips,,,,,,,,,,pre_update_validation,validation_error,pending,,,,,,,,ERR0124
/agents/people/91477,"Montagu, Mrs. (Elizabeth), 1718-1800",http://id.loc.gov/authorities/names/n50003803,http://n2t.net/ark:/99166/w6x16x3b,,,,"['http://viaf.org/viaf/45200405', 'http://en.wikipedia.org/wiki/Elizabeth_Montagu', 'http://www.worldcat.org/wcidentities/lccn-n50003803', 'http://id.loc.gov/authorities/names/n50003803']",http://viaf.org/viaf/45200405,http://en.wikipedia.org/wiki/Elizabeth_Montagu,http://www.worldcat.org/wcidentities/lccn-n50003803,http://id.loc.gov/authorities/names/n50003803,,,,,,,,,,pre_update_validation,validation_error,pending,,,,,,,,ERR0125
/agents/people/94276,"Davidson, David, 1908-1985",http://id.loc.gov/authorities/names/no2004105039,http://n2t.net/ark:/99166/w65t5406,,,,"['http://viaf.org/viaf/73574424', 'http://www.worldcat.org/wcidentities/lccn-no2004105039', 'http://id.loc.gov/authorities/names/no2004105039']",http://viaf.org/viaf/73574424,http://www.worldcat.org/wcidentities/lccn-no2004105039,http://id.loc.gov/authorities/names/no2004105039,,,,,,,,,,,pre_update_validation,validation_error,pending,,,,,,,,ERR0126
/agents/people/95072,"Angelo, Henry, 1756-1835",http://id.loc.gov/authorities/names/n97877397,http://n2t.net/ark:/99166/w6zc8m9t,,,,"['http://viaf.org/viaf/26368687', 'http://www.worldcat.org/wcidentities/lccn-n97877397', 'http://id.loc.gov/authorities/names/n97877397']",http://viaf.org/viaf/26368687,http://www.worldcat.org/wcidentities/lccn-n97877397,http://id.loc.gov/authorities/names/n97877397,,,,,,,,,,,pre_update_validation,validation_error,pending,,,,,,,,ERR0127
/agents/people/93311,"Sickert, Walter, 1860-1942",http://id.loc.gov/authorities/names/n50024008,http://n2t.net/ark:/99166/w60580k6,,,,"['http://viaf.org/viaf/39554004', 'http://en.wikipedia.org/wiki/Walter_Sickert', 'http://www.worldcat.org/wcidentities/lccn-n50024008', 'http://id.loc.gov/authorities/names/n50024008']",http://viaf.org/viaf/39554004,http://en.wikipedia.org/wiki/Walter_Sickert,http://www.worldcat.org/wcidentities/lccn-n50024008,http://id.loc.gov/authorities/names/n50024008,,,,,,,,,,pre_update_validation,validation_error,pending,,,,,,,,ERR0128
/agents/people/94559,"Gallizio, Pinot, 1902-1964",http://id.loc.gov/authorities/names/n94017542,http://n2t.net/ark:/99166/w6r54drq,,,,"['http://viaf.org/viaf/74658158', 'http://en.wikipedia.org/wiki/Giuseppe_Pinot-Gallizio', 'http://www.worldcat.org/wcidentities/lccn-n94017542', 'http://id.loc.gov/authorities/names/n94017542']",http://viaf.org/viaf/74658158,http://en.wikipedia.org/wiki/Giuseppe_Pinot-Gallizio,http://www.worldcat.org/wcidentities/lccn-n94017542,http://id.loc.gov/authorities/names/n94017542,,,,,,,,,,pre_update_validation,validation_error,pending,,,,,,,,ERR0129
/agents/people/94532,"Delaval, John Hussey Delaval, Baron, 1728-1808",http://id.loc.gov/authorities/names/no2009008669,http://n2t.net/ark:/99166/w68p6kk4,,,,"['http://viaf.org/viaf/63842168', 'http://www.worldcat.org/wcidentities/lccn-no2009008669', 'http://id.loc.gov/authorities/names/no2009008669', 'http://en.wikipedia.org/wiki/John_Delaval%2C_1st_Baron_Delaval']",http://viaf.org/viaf/63842168,http://www.worldcat.org/wcidentities/lccn-no2009008669,http://id.loc.gov/authorities/names/no2009008669,http://en.wikipedia.org/wiki/John_Delaval%2C_1st_Baron_Delaval,,,,,,,,,,pre_update_validation,validation_error,pending,,,,,,,,ERR0130
/agents/corporate_entities/7827,United States. Department of the Treasury,http://id.loc.gov/authorities/names/n78096864,http://n2t.net/ark:/99166/w6ch0d45,,,,"['http://viaf.org/viaf/123076976', 'http://www.worldcat.org/wcidentities/lccn-n78096864', 'http://id.loc.gov/authorities/names/n78096864', 'https://en.wikipedia.org/wiki/United_States_Department_of_the_Treasury', 'https://catalog.archives.gov/id/10482221', 'http://numismatics.org/authority/united_states_dept_of_the_treasury', 'http://catalogue.bnf.fr/ark:/12148/cb11863641w', 'http://www.idref.fr/026376970', 'http://www.wikidata.org/entity/Q648666', 'http://d-nb.info/gnd/4235522-9', 'http://isni.org/0000000122847884']",http://viaf.org/viaf/123076976,http://www.worldcat.org/wcidentities/lccn-n78096864,http://id.loc.gov/authorities/names/n78096864,https://en.wikipedia.org/wiki/United_States_Department_of_the_Treasury,https://catalog.archives.gov/id/10482221,http://numismatics.org/authority/united_states_dept_of_the_treasury,http://catalogue.bnf.fr/ark:/12148/cb11863641w,http://www.idref.fr/026376970,http://www.wikidata.org/entity/Q648666,http://d-nb.info/gnd/4235522-9,http://isni.org/0000000122847884,,,pre_update_validation,validation_error,pending,,,,,,,,ERR0131
/agents/corporate_entities/8721,Philip Morris and Company,http://id.loc.gov/authorities/names/n80012166,http://n2t.net/ark:/99166/w6r2526r,,,,"['http://viaf.org/viaf/148917131', 'http://www.worldcat.org/wcidentities/lccn-n80012166', 'http://id.loc.gov/authorities/names/n80012166']",http://viaf.org/viaf/148917131,http://www.worldcat.org/wcidentities/lccn-n80012166,http://id.loc.gov/authorities/names/n80012166,,,,,,,,,,,pre_update_validation,validation_error,pending,,,,,,,,ERR0132
/agents/corporate_entities/9751,John and Josiah Boydell (Firm),http://id.loc.gov/authorities/names/n83227361,http://n2t.net/ark:/99166/w6458sbt,,,,"['http://viaf.org/viaf/139598280', 'http://www.worldcat.org/wcidentities/lccn-n83-227361', 'http://id.loc.gov/authorities/names/n83227361']",http://viaf.org/viaf/139598280,http://www.worldcat.org/wcidentities/lccn-n83-227361,http://id.loc.gov/authorities/names/n83227361,,,,,,,,,,,pre_update_validation,validation_error,pending,,,,,,,,ERR0133
/agents/corporate_entities/11730,Grosvenor Gallery,http://id.loc.gov/authorities/names/n94056909,http://n2t.net/ark:/99166/w6c01tvr,,,,"['http://viaf.org/viaf/146735906', 'http://www.worldcat.org/wcidentities/lccn-n94056909', 'http://id.loc.gov/authorities/names/n94056909']",http://viaf.org/viaf/146735906,http://www.worldcat.org/wcidentities/lccn-n94056909,http://id.loc.gov/authorities/names/n94056909,,,,,,,,,,,pre_update_validation,validation_error,pending,,,,,,,,ERR0134
/agents/corporate_entities/13815,"United States. Army. Minnesota Infantry Regiment, 8th (1862-1865)",http://id.loc.gov/authorities/names/no99009601,http://n2t.net/ark:/99166/w6wx1czp,,,,"['http://viaf.org/viaf/148068742', 'http://www.worldcat.org/wcidentities/lccn-no99009601', 'http://id.loc.gov/authorities/names/no99009601']",http://viaf.org/viaf/148068742,http://www.worldcat.org/wcidentities/lccn-no99009601,http://id.loc.gov/authorities/names/no99009601,,,,,,,,,,,pre_update_validation,validation_error,pending,,,,,,,,ERR0135
/agents/people/69398,Virgil,http://id.loc.gov/authorities/names/n79014062,http://n2t.net/ark:/99166/w6tr8912,,,,"['http://viaf.org/viaf/8194433', 'http://www.worldcat.org/wcidentities/lccn-n79-014062', 'http://id.loc.gov/authorities/names/n79014062', 'http://en.wikipedia.org/wiki/Virgil']",http://viaf.org/viaf/8194433,http://www.worldcat.org/wcidentities/lccn-n79-014062,http://id.loc.gov/authorities/names/n79014062,http://en.wikipedia.org/wiki/Virgil,,,,,,,,,,production_update,date_format_error,pending,http://n2t.net/ark:/99166/w6tr8912,error,failed,"Failed to update record: HTTP 400: {'error': {'dates_of_existence/0/structured_date_range/begin_date_standardized': ['must be in YYYY[YYY][YY][Y], YYYY[YYY][YY][Y]-MM, or YYYY-MM-DD format'], 'dates_of_existence/0/structured_date_range/end_date_standardized': ['must be in YYYY[YYY][YY][Y], YYYY[YYY][YY][Y]-MM, or YYYY-MM-DD format']}, 'warning': {}, 'invalid_object': '#<JSONModel(:agent_person) {""lock_version""=>26, ""publish""=>true, ""is_slug_auto""=>false, ""jsonmodel_type""=>""agent_person"", ""agent_contacts""=>[], ""agent_record_controls""=>[], ""agent_alternate_sets""=>[], ""agent_conventions_declarations""=>[], ""agent_other_agency_codes""=>[], ""agent_maintenance_histories""=>[], ""agent_record_identifiers""=>[{""primary_identifier""=>true, ""record_identifier""=>""http://id.loc.gov/authorities/names/n79014062"", ""lock_version""=>0, ""source""=>""naf"", ""jsonmodel_type""=>""agent_record_identifier""}, {""primary_identifier""=>false, ""record_identifier""=>""http://n2t.net/ark:/99166/w6tr8912"", ""source""=>""snac"", ""jsonmodel_type""=>""agent_record_identifier""}], ""agent_identifiers""=>[], ""agent_sources""=>[], ""agent_places""=>[], ""agent_occupations""=>[], ""agent_functions""=>[], ""agent_topics""=>[], ""agent_resources""=>[], ""external_documents""=>[], ""notes""=>[], ""dates_of_existence""=>[{""lock_version""=>0, ""date_type_structured""=>""range"", ""date_label""=>""existence"", ""jsonmodel_type""=>""structured_date_label"", ""structured_date_range""=>{""begin_date_standardized""=>""-0069-10-15"", ""end_date_standardized""=>""-0018-09-21"", ""lock_version""=>0, ""begin_date_standardized_type""=>""standard"", ""end_date_standardized_type""=>""standard"", ""jsonmodel_type""=>""structured_date_range""}}], ""used_languages""=>[], ""metadata_rights_declarations""=>[], ""names""=>[{""lock_version""=>0, ""primary_name""=>""Virgil"", ""sort_name""=>""Virgil"", ""sort_name_auto_generate""=>true, ""authorized""=>true, ""is_display_name""=>true, ""name_order""=>""direct"", ""jsonmodel_type""=>""name_person"", ""use_dates""=>[], ""parallel_names""=>[]}, {""lock_version""=>0, ""primary_name""=>""Virgilio Marone"", ""rest_of_name""=>""P."", ""dates""=>""70 B.C.-19 B.C."", ""sort_name""=>""Virgilio Marone, P., 70 B.C.-19 B.C."", ""sort_name_auto_generate""=>true, ""source""=>""naf"", ""name_order""=>""inverted"", ""jsonmodel_type""=>""name_person"", ""use_dates""=>[], ""authorized""=>false, ""is_display_name""=>false, ""parallel_names""=>[]}, {""lock_version""=>0, ""primary_name""=>""Vergilius Maro"", ""rest_of_name""=>""Publius"", ""sort_name""=>""Vergilius Maro, Publius"", ""sort_name_auto_generate""=>true, ""source""=>""naf"", ""rules""=>""aacr"", ""name_order""=>""inverted"", ""jsonmodel_type""=>""name_person"", ""use_dates""=>[], ""authorized""=>false, ""is_display_name""=>false, ""parallel_names""=>[]}, {""lock_version""=>0, ""primary_name""=>""Vergilīĭ"", ""dates""=>""70 B.C.-19 B.C."", ""sort_name""=>""Vergilīĭ, 70 B.C.-19 B.C."", ""sort_name_auto_generate""=>true, ""source""=>""naf"", ""rules""=>""aacr"", ""name_order""=>""direct"", ""jsonmodel_type""=>""name_person"", ""use_dates""=>[], ""authorized""=>false, ""is_display_name""=>false, ""parallel_names""=>[]}, {""lock_version""=>0, ""primary_name""=>""Virgile"", ""dates""=>""70 B.C.-19 B.C."", ""sort_name""=>""Virgile, 70 B.C.-19 B.C."", ""sort_name_auto_generate""=>true, ""source""=>""naf"", ""rules""=>""aacr"", ""name_order""=>""direct"", ""jsonmodel_type""=>""name_person"", ""use_dates""=>[], ""authorized""=>false, ""is_display_name""=>false, ""parallel_names""=>[]}, {""lock_version""=>0, ""primary_name""=>""Vergílio"", ""dates""=>""70 B.C.-19 B.C."", ""sort_name""=>""Vergílio, 70 B.C.-19 B.C."", ""sort_name_auto_generate""=>true, ""source""=>""naf"", ""rules""=>""aacr"", ""name_order""=>""direct"", ""jsonmodel_type""=>""name_person"", ""use_dates""=>[], ""authorized""=>false, ""is_display_name""=>false, ""parallel_names""=>[]}, {""lock_version""=>0, ""primary_name""=>""Wergiliusz"", ""dates""=>""70 B.C.-19 B.C."", ""sort_name""=>""Wergiliusz, 70 B.C.-19 B.C."", ""sort_name_auto_generate""=>true, ""source""=>""naf"", ""rules""=>""aacr"", ""name_order""=>""direct"", ""jsonmodel_type""=>""name_person"", ""use_dates""=>[], ""authorized""=>false, ""is_display_name""=>false, ""parallel_names""=>[]}, {""lock_version""=>0, ""primary_name""=>""Vergilīĭ Maron"", ""rest_of_name""=>""P."", ""fuller_form""=>""Publīĭ"", ""dates""=>""70 B.C.-19 B.C.)"", ""sort_name""=>""Vergilīĭ Maron, P. (Publīĭ), 70 B.C.-19 B.C.)"", ""sort_name_auto_generate""=>true, ""source""=>""naf"", ""rules""=>""aacr"", ""name_order""=>""inverted"", ""jsonmodel_type""=>""name_person"", ""use_dates""=>[], ""authorized""=>false, ""is_display_name""=>false, ""parallel_names""=>[]}, {""lock_version""=>0, ""primary_name""=>""Vergilīĭ Maron"", ""rest_of_name""=>""Publīĭ"", ""dates""=>""70 B.C.-19 B.C."", ""sort_name""=>""Vergilīĭ Maron, Publīĭ, 70 B.C.-19 B.C."", ""sort_name_auto_generate""=>true, ""source""=>""naf"", ""rules""=>""aacr"", ""name_order""=>""inverted"", ""jsonmodel_type""=>""name_person"", ""use_dates""=>[], ""authorized""=>false, ""is_display_name""=>false, ""parallel_names""=>[]}, {""lock_version""=>0, ""primary_name""=>""Verhiliĭ Maron"", ""rest_of_name""=>""P."", ""dates""=>""70 B.C.-19 B.C."", ""sort_name""=>""Verhiliĭ Maron, P., 70 B.C.-19 B.C."", ""sort_name_auto_generate""=>true, ""source""=>""naf"", ""name_order""=>""inverted"", ""jsonmodel_type""=>""name_person"", ""use_dates""=>[], ""authorized""=>false, ""is_display_name""=>false, ""parallel_names""=>[]}, {""lock_version""=>0, ""primary_name""=>""Vergil"", ""dates""=>""70 B.C.-19 B.C."", ""sort_name""=>""Vergil, 70 B.C.-19 B.C."", ""sort_name_auto_generate""=>true, ""source""=>""naf"", ""name_order""=>""direct"", ""jsonmodel_type""=>""name_person"", ""use_dates""=>[], ""authorized""=>false, ""is_display_name""=>false, ""parallel_names""=>[]}, {""lock_version""=>0, ""primary_name""=>""Virgilio"", ""dates""=>""70 B.C.-19 B.C."", ""sort_name""=>""Virgilio, 70 B.C.-19 B.C."", ""sort_name_auto_generate""=>true, ""source""=>""naf"", ""name_order""=>""direct"", ""jsonmodel_type""=>""name_person"", ""use_dates""=>[], ""authorized""=>false, ""is_display_name""=>false, ""parallel_names""=>[]}, {""lock_version""=>0, ""primary_name""=>""Virgilīĭ"", ""dates""=>""70 B.C.-19 B.C."", ""sort_name""=>""Virgilīĭ, 70 B.C.-19 B.C."", ""sort_name_auto_generate""=>true, ""source""=>""naf"", ""name_order""=>""direct"", ""jsonmodel_type""=>""name_person"", ""use_dates""=>[], ""authorized""=>false, ""is_display_name""=>false, ""parallel_names""=>[]}, {""lock_version""=>0, ""primary_name""=>""Virgilius Maro"", ""rest_of_name""=>""P."", ""dates""=>""70 B.C.-19 B.C."", ""sort_name""=>""Virgilius Maro, P., 70 B.C.-19 B.C."", ""sort_name_auto_generate""=>true, ""source""=>""naf"", ""name_order""=>""inverted"", ""jsonmodel_type""=>""name_person"", ""use_dates""=>[], ""authorized""=>false, ""is_display_name""=>false, ""parallel_names""=>[]}, {""lock_version""=>0, ""primary_name""=>""Virgilius Maro"", ""rest_of_name""=>""Publius"", ""dates""=>""70 B.C.-19 B.C."", ""sort_name""=>""Virgilius Maro, Publius, 70 B.C.-19 B.C."", ""sort_name_auto_generate""=>true, ""source""=>""naf"", ""name_order""=>""inverted"", ""jsonmodel_type""=>""name_person"", ""use_dates""=>[], ""authorized""=>false, ""is_display_name""=>false, ""parallel_names""=>[]}, {""lock_version""=>0, ""primary_name""=>""Virgil Maro"", ""rest_of_name""=>""P."", ""dates""=>""70 B.C.-19 B.C."", ""sort_name""=>""Virgil Maro, P., 70 B.C.-19 B.C."", ""sort_name_auto_generate""=>true, ""source""=>""naf"", ""name_order""=>""inverted"", ""jsonmodel_type""=>""name_person"", ""use_dates""=>[], ""authorized""=>false, ""is_display_name""=>false, ""parallel_names""=>[]}, {""lock_version""=>0, ""primary_name""=>""ווירגיל"", ""dates""=>""70 B.C.-19 B.C."", ""sort_name""=>""ווירגיל, 70 B.C.-19 B.C."", ""sort_name_auto_generate""=>true, ""source""=>""naf"", ""name_order""=>""direct"", ""jsonmodel_type""=>""name_person"", ""use_dates""=>[], ""authorized""=>false, ""is_display_name""=>false, ""parallel_names""=>[]}, {""lock_version""=>0, ""primary_name""=>""וירגיליוס"", ""dates""=>""70 B.C.-19 B.C."", ""sort_name""=>""וירגיליוס, 70 B.C.-19 B.C."", ""sort_name_auto_generate""=>true, ""source""=>""naf"", ""name_order""=>""direct"", ""jsonmodel_type""=>""name_person"", ""use_dates""=>[], ""authorized""=>false, ""is_display_name""=>false, ""parallel_names""=>[]}, {""lock_version""=>0, ""primary_name""=>""ורגיליוס"", ""dates""=>""70 B.C.-19 B.C."", ""sort_name""=>""ורגיליוס, 70 B.C.-19 B.C."", ""sort_name_auto_generate""=>true, ""source""=>""naf"", ""name_order""=>""direct"", ""jsonmodel_type""=>""name_person"", ""use_dates""=>[], ""authorized""=>false, ""is_display_name""=>false, ""parallel_names""=>[]}, {""lock_version""=>0, ""primary_name""=>""מרו"", ""rest_of_name""=>""פובליוס ורגיליוס"", ""dates""=>""70 B.C.-19 B.C."", ""sort_name""=>""פובליוס ורגיליוס מרו, 70 B.C.-19 B.C."", ""sort_name_auto_generate""=>true, ""source""=>""naf"", ""name_order""=>""direct"", ""jsonmodel_type""=>""name_person"", ""use_dates""=>[], ""authorized""=>false, ""is_display_name""=>false, ""parallel_names""=>[]}, {""lock_version""=>0, ""primary_name""=>""فرجيل"", ""dates""=>""70 B.C.-19 B.C."", ""sort_name""=>""فرجيل, 70 B.C.-19 B.C."", ""sort_name_auto_generate""=>true, ""source""=>""naf"", ""name_order""=>""direct"", ""jsonmodel_type""=>""name_person"", ""use_dates""=>[], ""authorized""=>false, ""is_display_name""=>false, ""parallel_names""=>[]}, {""lock_version""=>0, ""primary_name""=>""Pseudo-Virgil"", ""dates""=>""70 B.C.-19 B.C."", ""sort_name""=>""Pseudo-Virgil, 70 B.C.-19 B.C."", ""sort_name_auto_generate""=>true, ""source""=>""naf"", ""name_order""=>""direct"", ""jsonmodel_type""=>""name_person"", ""use_dates""=>[], ""authorized""=>false, ""is_display_name""=>false, ""parallel_names""=>[]}, {""lock_version""=>0, ""primary_name""=>""Pseudo Virgilio"", ""dates""=>""70 B.C.-19 B.C."", ""sort_name""=>""Pseudo Virgilio, 70 B.C.-19 B.C."", ""sort_name_auto_generate""=>true, ""source""=>""naf"", ""name_order""=>""direct"", ""jsonmodel_type""=>""name_person"", ""use_dates""=>[], ""authorized""=>false, ""is_display_name""=>false, ""parallel_names""=>[]}, {""lock_version""=>0, ""primary_name""=>""Virgilio Marón"", ""rest_of_name""=>""Publio"", ""dates""=>""70 B.C.-19 B.C."", ""sort_name""=>""Virgilio Marón, Publio, 70 B.C.-19 B.C."", ""sort_name_auto_generate""=>true, ""source""=>""naf"", ""name_order""=>""inverted"", ""jsonmodel_type""=>""name_person"", ""use_dates""=>[], ""authorized""=>false, ""is_display_name""=>false, ""parallel_names""=>[]}, {""lock_version""=>0, ""primary_name""=>""Bhārjila"", ""dates""=>""70 B.C.-19 B.C."", ""sort_name""=>""Bhārjila, 70 B.C.-19 B.C."", ""sort_name_auto_generate""=>true, ""source""=>""naf"", ""name_order""=>""direct"", ""jsonmodel_type""=>""name_person"", ""use_dates""=>[], ""authorized""=>false, ""is_display_name""=>false, ""parallel_names""=>[]}], ""agent_genders""=>[], ""related_agents""=>[], ""uri""=>""/agents/people/69398"", ""agent_type""=>""agent_person"", ""linked_agent_roles""=>[], ""used_within_repositories""=>[], ""used_within_published_repositories""=>[]}>'}",cache/aspace_prod_cache/_agents_people_69398.json,test_only,SNAC ARK in test only: http://n2t.net/ark:/99166/w6tr8912,ERR0136
/agents/people/93678,"Isidore, of Seville, Saint, -636",http://id.loc.gov/authorities/names/n80139470,http://n2t.net/ark:/99166/w6d50skd,,,,"['http://viaf.org/viaf/803890', 'http://en.wikipedia.org/wiki/Isidore_of_Seville', 'http://www.worldcat.org/wcidentities/lccn-n80139470', 'http://id.loc.gov/authorities/names/n80139470']",http://viaf.org/viaf/803890,http://en.wikipedia.org/wiki/Isidore_of_Seville,http://www.worldcat.org/wcidentities/lccn-n80139470,http://id.loc.gov/authorities/names/n80139470,,,,,,,,,,production_update,date_format_error,pending,http://n2t.net/ark:/99166/w6d50skd,error,failed,"Failed to update record: HTTP 400: {'error': {'dates_of_existence/0/structured_date_single/date_standardized': ['or date expression is required']}, 'warning': {}, 'invalid_object': '#<JSONModel(:agent_person) {""lock_version""=>10, ""publish""=>true, ""is_slug_auto""=>false, ""jsonmodel_type""=>""agent_person"", ""agent_contacts""=>[], ""agent_record_controls""=>[], ""agent_alternate_sets""=>[], ""agent_conventions_declarations""=>[], ""agent_other_agency_codes""=>[], ""agent_maintenance_histories""=>[], ""agent_record_identifiers""=>[{""primary_identifier""=>true, ""record_identifier""=>""http://id.loc.gov/authorities/names/n80139470"", ""lock_version""=>0, ""source""=>""naf"", ""jsonmodel_type""=>""agent_record_identifier""}, {""primary_identifier""=>false, ""record_identifier""=>""http://n2t.net/ark:/99166/w6d50skd"", ""source""=>""snac"", ""jsonmodel_type""=>""agent_record_identifier""}], ""agent_identifiers""=>[], ""agent_sources""=>[], ""agent_places""=>[], ""agent_occupations""=>[], ""agent_functions""=>[], ""agent_topics""=>[], ""agent_resources""=>[], ""external_documents""=>[], ""notes""=>[], ""dates_of_existence""=>[{""lock_version""=>0, ""date_type_structured""=>""single"", ""date_label""=>""existence"", ""jsonmodel_type""=>""structured_date_label"", ""structured_date_single""=>{""lock_version""=>0, ""date_role""=>""begin"", ""date_standardized_type""=>""standard"", ""jsonmodel_type""=>""structured_date_single""}}], ""used_languages""=>[], ""metadata_rights_declarations""=>[], ""names""=>[{""lock_version""=>0, ""primary_name""=>""Isidore"", ""title""=>""of Seville, Saint"", ""dates""=>""-636"", ""sort_name""=>""Isidore, of Seville, Saint, -636"", ""sort_name_auto_generate""=>true, ""authorized""=>true, ""is_display_name""=>true, ""name_order""=>""direct"", ""jsonmodel_type""=>""name_person"", ""use_dates""=>[], ""parallel_names""=>[]}, {""lock_version""=>0, ""primary_name""=>""Isidore"", ""title""=>""Bishop of Seville"", ""dates""=>""-636"", ""sort_name""=>""Isidore, Bishop of Seville, -636"", ""sort_name_auto_generate""=>true, ""source""=>""naf"", ""name_order""=>""direct"", ""jsonmodel_type""=>""name_person"", ""use_dates""=>[], ""authorized""=>false, ""is_display_name""=>false, ""parallel_names""=>[]}, {""lock_version""=>0, ""primary_name""=>""Isidoro"", ""title""=>""de Sevilla, Saint"", ""dates""=>""-636"", ""sort_name""=>""Isidoro, de Sevilla, Saint, -636"", ""sort_name_auto_generate""=>true, ""source""=>""naf"", ""name_order""=>""direct"", ""jsonmodel_type""=>""name_person"", ""use_dates""=>[], ""authorized""=>false, ""is_display_name""=>false, ""parallel_names""=>[]}, {""lock_version""=>0, ""primary_name""=>""Isidor"", ""title""=>""von Sevilla, Saint"", ""dates""=>""-636"", ""sort_name""=>""Isidor, von Sevilla, Saint, -636"", ""sort_name_auto_generate""=>true, ""source""=>""naf"", ""name_order""=>""direct"", ""jsonmodel_type""=>""name_person"", ""use_dates""=>[], ""authorized""=>false, ""is_display_name""=>false, ""parallel_names""=>[]}, {""lock_version""=>0, ""primary_name""=>""Isidorus"", ""title""=>""Saint"", ""dates""=>""-636"", ""sort_name""=>""Isidorus, Saint, -636"", ""sort_name_auto_generate""=>true, ""source""=>""naf"", ""name_order""=>""direct"", ""jsonmodel_type""=>""name_person"", ""use_dates""=>[], ""authorized""=>false, ""is_display_name""=>false, ""parallel_names""=>[]}, {""lock_version""=>0, ""primary_name""=>""Isidorus"", ""title""=>""Bishop of Seville"", ""dates""=>""-636"", ""sort_name""=>""Isidorus, Bishop of Seville, -636"", ""sort_name_auto_generate""=>true, ""source""=>""naf"", ""name_order""=>""direct"", ""jsonmodel_type""=>""name_person"", ""use_dates""=>[], ""authorized""=>false, ""is_display_name""=>false, ""parallel_names""=>[]}, {""lock_version""=>0, ""primary_name""=>""Seville"", ""title""=>""Saint"", ""rest_of_name""=>""Isidore of"", ""dates""=>""-636"", ""sort_name""=>""Seville, Isidore of, Saint, -636"", ""sort_name_auto_generate""=>true, ""source""=>""naf"", ""name_order""=>""inverted"", ""jsonmodel_type""=>""name_person"", ""use_dates""=>[], ""authorized""=>false, ""is_display_name""=>false, ""parallel_names""=>[]}, {""lock_version""=>0, ""primary_name""=>""Sevilla"", ""title""=>""Saint"", ""rest_of_name""=>""Isidoro de"", ""dates""=>""-636"", ""sort_name""=>""Sevilla, Isidoro de, Saint, -636"", ""sort_name_auto_generate""=>true, ""source""=>""naf"", ""name_order""=>""inverted"", ""jsonmodel_type""=>""name_person"", ""use_dates""=>[], ""authorized""=>false, ""is_display_name""=>false, ""parallel_names""=>[]}, {""lock_version""=>0, ""primary_name""=>""De Sevilla"", ""title""=>""Saint"", ""rest_of_name""=>""Isidoro"", ""dates""=>""-636"", ""sort_name""=>""De Sevilla, Isidoro, Saint, -636"", ""sort_name_auto_generate""=>true, ""source""=>""naf"", ""name_order""=>""inverted"", ""jsonmodel_type""=>""name_person"", ""use_dates""=>[], ""authorized""=>false, ""is_display_name""=>false, ""parallel_names""=>[]}, {""lock_version""=>0, ""primary_name""=>""Sevilla"", ""title""=>""Saint"", ""rest_of_name""=>""Isidor von"", ""dates""=>""-636"", ""sort_name""=>""Sevilla, Isidor von, Saint, -636"", ""sort_name_auto_generate""=>true, ""source""=>""naf"", ""name_order""=>""inverted"", ""jsonmodel_type""=>""name_person"", ""use_dates""=>[], ""authorized""=>false, ""is_display_name""=>false, ""parallel_names""=>[]}, {""lock_version""=>0, ""primary_name""=>""Von Sevilla"", ""title""=>""Saint"", ""rest_of_name""=>""Isidor"", ""dates""=>""-636"", ""sort_name""=>""Von Sevilla, Isidor, Saint, -636"", ""sort_name_auto_generate""=>true, ""source""=>""naf"", ""name_order""=>""inverted"", ""jsonmodel_type""=>""name_person"", ""use_dates""=>[], ""authorized""=>false, ""is_display_name""=>false, ""parallel_names""=>[]}, {""lock_version""=>0, ""primary_name""=>""Isidorus"", ""title""=>""Saint, Bp. of Seville"", ""dates""=>""d. 636"", ""sort_name""=>""Isidorus, Saint, Bp. of Seville, d. 636"", ""sort_name_auto_generate""=>true, ""source""=>""naf"", ""name_order""=>""direct"", ""jsonmodel_type""=>""name_person"", ""use_dates""=>[], ""authorized""=>false, ""is_display_name""=>false, ""parallel_names""=>[]}, {""lock_version""=>0, ""primary_name""=>""Isidorus"", ""title""=>""Hispalensis"", ""dates""=>""-636"", ""sort_name""=>""Isidorus, Hispalensis, -636"", ""sort_name_auto_generate""=>true, ""source""=>""naf"", ""name_order""=>""direct"", ""jsonmodel_type""=>""name_person"", ""use_dates""=>[], ""authorized""=>false, ""is_display_name""=>false, ""parallel_names""=>[]}, {""lock_version""=>0, ""primary_name""=>""Isidoro"", ""title""=>""di Siviglia, Saint"", ""dates""=>""-636"", ""sort_name""=>""Isidoro, di Siviglia, Saint, -636"", ""sort_name_auto_generate""=>true, ""source""=>""naf"", ""name_order""=>""direct"", ""jsonmodel_type""=>""name_person"", ""use_dates""=>[], ""authorized""=>false, ""is_display_name""=>false, ""parallel_names""=>[]}, {""lock_version""=>0, ""primary_name""=>""Izydor"", ""title""=>""z  Sewilli"", ""dates""=>""-636"", ""sort_name""=>""Izydor, z  Sewilli, -636"", ""sort_name_auto_generate""=>true, ""source""=>""naf"", ""name_order""=>""direct"", ""jsonmodel_type""=>""name_person"", ""use_dates""=>[], ""authorized""=>false, ""is_display_name""=>false, ""parallel_names""=>[]}], ""agent_genders""=>[], ""related_agents""=>[], ""uri""=>""/agents/people/93678"", ""agent_type""=>""agent_person"", ""linked_agent_roles""=>[], ""used_within_repositories""=>[], ""used_within_published_repositories""=>[]}>'}",cache/aspace_prod_cache/_agents_people_93678.json,test_only,SNAC ARK in test only: http://n2t.net/ark:/99166/w6d50skd,ERR0137
/agents/corporate_entities/11243,Students for a Democratic Society (U.S.),http://id.loc.gov/authorities/names/n50010551,http://n2t.net/ark:/99166/w61z7vhh,,,,"['http://viaf.org/viaf/147204087', 'http://www.worldcat.org/wcidentities/lccn-n50010551', 'http://id.loc.gov/authorities/names/n50010551']",http://viaf.org/viaf/147204087,http://www.worldcat.org/wcidentities/lccn-n50010551,http://id.loc.gov/authorities/names/n50010551,,,,,,,,,,,production_update,duplicate_agent_error,pending,http://n2t.net/ark:/99166/w6136kn0,error,failed,"Failed to update record: HTTP 400: {'error': {'names': ['Agent must be unique'], 'conflicting_record': ['/agents/corporate_entities/15656']}}",cache/aspace_prod_cache/_agents_corporate_entities_11243.json,test_only,SNAC ARK in test only: http://n2t.net/ark:/99166/w6136kn0,ERR0138
